Bedroom,Bathroom,Den,Address,,,,,,,,,
2,2,0,3985 Grand Park Drive, 3985 Grand Park Dr, Mississauga, L5B 0H8, L5B 0H8, Canada, L5B 0H8, L5B,,L5B
1,1,1,361 Front St W, Toronto, O, M5V 3R5, Canada,, M5V 3R5, M5V,,M5V
1,1,0,89 McGill Street, Toronto, O, M5B 0B1,,, M5B 0B1, M5B,,M5B
2,2,0,10 York Street, Toronto, O, M5J 0E1,,, M5J 0E1, M5J,,M5J
1,1,0,80 St Patrick St, Toronto, O, M5T 2X6, Canada,, M5T 2X6, M5T,,M5T
1,1,0,87 Jameson Avenue, Toronto, O, M6K 2W8,,, M6K 2W8, M6K,,M6K
2,1,0,700  Ross Street, Burlington, O, L7S 1S2,,, L7S 1S2, L7S,,L7S
1,1,0,25 Telegram Mews, Toronto, O, M5V 3Z2,,, M5V 3Z2, M5V,,M5V
1,1,0,560 Front St W, toronto, O, M5V 0L5,,, M5V 0L5, M5V,,M5V
1,1,1,70 Queens Wharf Rd 33rd Floor, Toronto, O, M5V 0J2, Canada,, M5V 0J2, M5V,,M5V
1,1,0,545 - 555  Sherbourne Street, Toronto, O, M4X 1W5,,, M4X 1W5, M4X,,M4X
2,1,0,545 - 555  Sherbourne Street, Toronto, O, M4X 1W5,,, M4X 1W5, M4X,,M4X
1,1,0,555 Yonge St, Toronto, O, M4Y 3A6, Canada,, M4Y 3A6, M4Y,,M4Y
1,1,1,M5J, Canada,,M5J,,,M5J,M5J,M5J,M5J
1,1,0,295 Adelaide St W, Toronto, O, M5V 0L4, Canada,, M5V 0L4, M5V,,M5V
1,1,0,191 - 201 Sherbourne, Toronto, O, M5A 3X2,,, M5A 3X2, M5A,,M5A
1,1,0,191 - 201 Sherbourne, Toronto, O, M5A 3X2,,, M5A 3X2, M5A,,M5A
1,1,0,89 McGill Street, Toronto, O, M5B 0B1,,, M5B 0B1, M5B,,M5B
2,2,0,3985 Grand Park Drive, 3985 Grand Park Dr, Mississauga, L5B 0H8, L5B 0H8, Canada, L5B 0H8, L5B,,L5B
2,2,0,11 Brunel Ct, Toronto, O, M5V 3Y3, Canada,, M5V 3Y3, M5V,,M5V
2,2,0,12 Yonge St, Toronto, O, M5E 1Z9, Canada,, M5E 1Z9, M5E,,M5E
1,1,0,438 Richmond St W, Toronto, O, M5V 1X9, Canada,, M5V 1X9, M5V,,M5V
1,1,1,12 York St, Toronto, O, M5J 2Z2, Canada,, M5J 2Z2, M5J,,M5J
1,1,0,7934 Kipling Ave, Woodbridge, O, L4L 1Z5, Canada,, L4L 1Z5, L4L,,L4L
2,2,0,York St, Toronto, O, M5J 2Z2, Canada,, M5J 2Z2, M5J,,M5J
2,2,0,10 Park Lawn Rd, Etobicoke, O, M8Y 3K4, Canada,, M8Y 3K4, M8Y,,M8Y
1,1,0,, Toronto M3H4Z2 O, Canada,M3H,,,M3H,M3H,M3H,M3H
1,1,0,33 Gamble Ave, East York, O, M4K 2H5, Canada,, M4K 2H5, M4K,,M4K
1,1,1,9 George St , Brampton, O, L6X 0T6, Canada,, L6X 0T6, L6X,,L6X
2,1,0,33 Gamble Ave, East York, O, M4K 2H5, Canada,, M4K 2H5, M4K,,M4K
1,1,0,10 York Street, Toronto, O, M5J 0E1,,, M5J 0E1, M5J,,M5J
1,1,0,80 St Patrick St, Toronto, O, M5T 2X6, Canada,, M5T 2X6, M5T,,M5T
1,1,0,10 York Street, Toronto, O, M5J 0E1,,, M5J 0E1, M5J,,M5J
2,2,0,10 York Street, Toronto, O, M5J 0E1,,, M5J 0E1, M5J,,M5J
1,1,0,126 Simcoe str, Toronto Downtown M5V 1T8 O,,M5V,,,M5V,M5V,M5V,M5V
1,1,0,89 McGill Street, Toronto, O, M5B 0B1,,, M5B 0B1, M5B,,M5B
1,1,0,89 McGill Street, Toronto, O, M5B 0B1,,, M5B 0B1, M5B,,M5B
2,2,0,10 York Street, Toronto, O, M5J 0E1,,, M5J 0E1, M5J,,M5J
1,1,0,28 Linden Street, Toronto, O, M4Y 0A4,,, M4Y 0A4, M4Y,,M4Y
1,1,1,832 Bay St, Toronto, O, M5S 1Z6, Canada,, M5S 1Z6, M5S,,M5S
2,1.5,0,1375 Stephenson Dr Unit 24, Burlington, O, L7S 2M5, Canada,, L7S 2M5, L7S,,L7S
2,2,0,70 Temperance St, Toronto, O, M5H 0B1, Canada,, M5H 0B1, M5H,,M5H
1,1,0,70 Temperance St, Toronto, O, M5H 0B1, Canada,, M5H 0B1, M5H,,M5H
1,1,0,70 Temperance St, Toronto, O, M5H 0B1, Canada,, M5H 0B1, M5H,,M5H
1,1,0,Downtown Port Credit, Mississauga, O, L5G 1G4,,, L5G 1G4, L5G,,L5G
2,1,0,200 Dufferin Street, Toronto, O, M6K 1Z4,,, M6K 1Z4, M6K,,M6K
1,1,0,392 Sherbourne Street, Toronto, O, M4X 1K3,,, M4X 1K3, M4X,,M4X
1,1,0,392 Sherbourne Street, Toronto, O, M4X 1K3,,, M4X 1K3, M4X,,M4X
2,2,0,10 York Street, Toronto, O, M5J 0E1,,, M5J 0E1, M5J,,M5J
1,1,0,80 St Patrick St, Toronto, O, M5T 2X6, Canada,, M5T 2X6, M5T,,M5T
2,2,0,12 Yonge St, Toronto, O, M5E 1Z9, Canada,, M5E 1Z9, M5E,,M5E
2,2,0,290 Adelaide St W, Toronto, O, M5V 1P6, Canada,, M5V 1P6, M5V,,M5V
1,1,0,200 Dufferin Street, Toronto, O, M6K 1Z4,,, M6K 1Z4, M6K,,M6K
1,1,0,36 Maitland Street, Toronto, O, M4Y 1C5,,, M4Y 1C5, M4Y,,M4Y
1,1,0,200 Dufferin Street, Toronto, O, M6K 1Z4,,, M6K 1Z4, M6K,,M6K
1,1,0,15 Merchants Wharf, Toronto, O, M5A 0,8,, M5A 0, M5A,,M5A
1,1,0,105 George St, Toronto, O, M5A 0L4, Canada,, M5A 0L4, M5A,,M5A
2,1,0,Dunlop St E, Whitby, O, L1, Canada,, L1, L1,,L1
1,1,1,224 King St W, Toronto, O, M5H 0A6,,, M5H 0A6, M5H,,M5H
1,1,1,11 Brunel Ct, Toronto, O, M5V 3Y3, Canada,, M5V 3Y3, M5V,,M5V
1,1,0,565 Sherbourne Street, Toronto, O, M4X 1W5,,, M4X 1W5, M4X,,M4X
1,1,0,545 - 555  Sherbourne Street, Toronto, O, M4X 1W5,,, M4X 1W5, M4X,,M4X
1,1,0,545 - 555  Sherbourne Street, Toronto, O, M4X 1W5,,, M4X 1W5, M4X,,M4X
1,1,0,171 Main Street ,orth, Brampton, L6X 0H4, L6X 0H4,, L6X 0H4, L6X,,L6X
2,2,0,3985 Grand Park Drive, 3985 Grand Park Dr, Mississauga, L5B 0H8, L5B 0H8, Canada, L5B 0H8, L5B,,L5B
1,1,0,126 Simcoe str, Toronto Downtown M5V 1T8 O,,M5V,,,M5V,M5V,M5V,M5V
2,2,0,12 Yonge St, Toronto, O, M5E 1Z9, Canada,, M5E 1Z9, M5E,,M5E
1,1,0,318 Richmond St W, Toronto, O, M5V 0B4, Canada,, M5V 0B4, M5V,,M5V
2,2,0,11 Brunel Ct, Toronto, O, M5V 3Y3, Canada,, M5V 3Y3, M5V,,M5V
2,1,0,171 Main Street ,orth, Brampton, L6X 0H4, L6X 0H4,, L6X 0H4, L6X,,L6X
1,1,0,100 Harbour St, Toronto, O, M5J 1B7, Canada,, M5J 1B7, M5J,,M5J
1,1,0,28 Wellesley Street East, M4Y 0C4, Toronto, M4Y 0C4,,, M4Y 0C4, M4Y,,M4Y
2,1,0,2548 Eglinton Ave W, M6M 1T1, Toronto, M6M 1T1,,, M6M 1T1, M6M,,M6M
2,1,0,101 Sheridan Ave, Toronto, O, M6K 2G8, Canada,, M6K 2G8, M6K,,M6K
1,1,1,33 Bay St, Toronto, O, M5J 2Z3, Canada,, M5J 2Z3, M5J,,M5J
1,2,1,10 Capreol Ct, Toronto, O, M5V 4B3, Canada,, M5V 4B3, M5V,,M5V
2,2,0,235 Sherway Gardens Rd, Etobicoke, O, M9C 0A2, Canada,, M9C 0A2, M9C,,M9C
1,1,0,14 York St, Toronto, O, M5J 0B1, Canada,, M5J 0B1, M5J,,M5J
2,1,0,295 Dufferin St., Toronto, O, M6K 1Z6,,, M6K 1Z6, M6K,,M6K
2,1,0,295 Dufferin St., Toronto, O, M6K 1Z6,,, M6K 1Z6, M6K,,M6K
1,1,0,51 Guestville Ave, York, O, M6,4,1, M6, M6,,M6
1,1,0,89 Chestnut St, Toronto, O, M5G 1R1, Canada,, M5G 1R1, M5G,,M5G
2,2,0,Front St W, Toronto, O, M5V 3S8, Canada,, M5V 3S8, M5V,,M5V
2,2,0,290 Adelaide St W, Toronto, O, M5V 1P6, Canada,, M5V 1P6, M5V,,M5V
2,2,0,10 York Street, Toronto, O, M5J 0E1,,, M5J 0E1, M5J,,M5J
1,1,0,10 York Street, Toronto, O, M5J 0E1,,, M5J 0E1, M5J,,M5J
1,1,0,80 St Patrick St, Toronto, O, M5T 2X6, Canada,, M5T 2X6, M5T,,M5T
2,2,0,3985 Grand Park Drive, 3985 Grand Park Dr, Mississauga, L5B 0H8, L5B 0H8, Canada, L5B 0H8, L5B,,L5B
2,2,0,220 Victoria St, Toronto, O, M5B 2R6, Canada,, M5B 2R6, M5B,,M5B
2,2,0,28 Wellesley St E, Toronto, O, M4Y, Canada,, M4Y, M4Y,,M4Y
2,2,0,Temperance St, Toronto, O, M5H 0B1, Canada,, M5H 0B1, M5H,,M5H
2,1,0,, Toronto M5J 0B8 O, Canada,M5J,,,M5J,M5J,M5J,M5J
2,2,0,170 Bayview Ave, Toronto, O, M5A 0G4, Canada,, M5A 0G4, M5A,,M5A
1,1,0,125 Western Battey st, M6k 3s2, Toronto, M6k 3s2,,, M6k 3s2, M6k,,M6k
2,1,0,2386,ew Street, Burlington, L7R 1J7, L7R 1J7,, L7R 1J7, L7R,,L7R
3,1.5,0,2304  Weston Road, Toronto, O, M9, 1Z3,, M9, M9,,M9
1,1,0,2304  Weston Road, Toronto, O, M9, 1Z3,, M9, M9,,M9
2,1,0,2304  Weston Road, Toronto, O, M9, 1Z3,, L7P 1X7, L7P,,L7P
2,1,0,1275  Brant St, Burlington, O, L7P 1X7,,, L7S 1S2, L7S,,L7S
2,1,0,700  Ross Street, Burlington, O, L7S 1S2,,, M5V 3R5, M5V,,M5V
1,1,1,361 Front St W, Toronto, O, M5V 3R5, Canada,, M5T 2X6, M5T,,M5T
1,1,0,80 St Patrick St, Toronto, O, M5T 2X6, Canada,, M5J 0E1, M5J,,M5J
1,1,0,10 York Street, Toronto, O, M5J 0E1,,,M5V,M5V,M5V,M5V
1,1,0,126 Simcoe str, Toronto Downtown M5V 1T8 O,,M5V,,, L5B 0H8, L5B,,L5B
2,2,0,3985 Grand Park Drive, 3985 Grand Park Dr, Mississauga, L5B 0H8, L5B 0H8, Canada, M4Y 1T1, M4Y,,M4Y
1,1,0,50 Charles St E, Toronto, O, M4Y 1T1, Canada,, M5V 0P1, M5V,,M5V
1,1,0,87 Peter St, Toronto, O, M5V 0P1, Canada,, L5B 0H8, L5B,,L5B
2,2,0,3985 Grand Park Drive, 3985 Grand Park Dr, Mississauga, L5B 0H8, L5B 0H8, Canada, M4Y 1J3, M4Y,,M4Y
2,2,0,120 Homewood Ave, Toronto, O, M4Y 1J3, Canada,, M5G2E8, M5G,,M5G
1,1,0,, M5G2E8, Toronto, M5G2E8,,,M1S,M1S,M1S,M1S
2,2,0,m1s0l7, Canada,,M1S,,, L5L 5P4, L5L,,L5L
2,2,0,2155 Burnhamthorpe Rd W, Mississauga, O, L5L 5P4, Canada,, L5B 0C1, L5B,,L5B
1,1,0,3525 Kariya Dr, Mississauga, O, L5B 0C1, Canada,,M4L,M4L,M4L,M4L
1,1,0,M4L1G3, Canada,,M4L,,, L5B 0H8, L5B,,L5B
2,2,0,3985 Grand Park Drive, 3985 Grand Park Dr, Mississauga, L5B 0H8, L5B 0H8, Canada,M5V,M5V,M5V,M5V
1,1,0,126 Simcoe str, Toronto Downtown M5V 1T8 O,,M5V,,, M5V 3Y3, M5V,,M5V
2,2,0,11 Brunel Ct, Toronto, O, M5V 3Y3, Canada,, M5V 3R5, M5V,,M5V
1,1,1,361 Front St W, Toronto, O, M5V 3R5, Canada,, L3R, L3R,,L3R
1,1,0,Water Walk Dr, Markham, O, L3R, Canada,, M5A 3J7, M5A,,M5A
1,1,1,52 Sumach St, Toronto, O, M5A 3J7, Canada,, M5J 2Z2, M5J,,M5J
1,1,1,12 York St, Toronto, O, M5J 2Z2, Canada,, M5V 4A9 O, M5V,,M5V
1,1,0,, DOW,TOW, M5V 4A9 O, Canada,, M4V 1K6, M4V,,M4V
1,1,0,460 Adelaide St E, Toronto, O, M4V 1K6,,, M5E 0A8, M5E,,M5E
1,1,1,1 The Esplanade, Toronto, O, M5E 0A8,,, M4V 1K6, M4V,,M4V
1,1,0,560 King St W, Toronto, O, M4V 1K6,,, M5V 1P6, M5V,,M5V
1,1,0,290 Adelaide Street West, Toronto, O, M5V 1P6,,, L7R 1J7, L7R,,L7R
2,1,0,2386,ew Street, Burlington, L7R 1J7, L7R 1J7,, M4Y 1V2, M4Y,,M4Y
1,1,0,101 Charles St, TORO,TO, M4Y 1V2, M4Y 1V2,, L7S 1S2, L7S,,L7S
2,1,0,700  Ross Street, Burlington, O, L7S 1S2,,, M5E 0A8, M5E,,M5E
2,2,0,1 The Esplanade, Toronto, O, M5E 0A8,,, M6K 0A1, M6K,,M6K
1,1,0,1 SHAW ST, TORO,TO, M6K 0A1, M6K 0A1,, M4Y 0A3, M4Y,,M4Y
1,1,0,The Uptown Residences, 35 Balmuto St, Toronto, M4Y 0A3, M4Y 0A3, Canada, L3R9X3, L3R,,L3R
1,1,1,, L3R9X3, markham, L3R9X3,,, L6G0G3, L6G,,L6G
1,1,0,, L6G0G3, markham, L6G0G3,,, M5V 0E4, M5V,,M5V
1,1,1,70 Queens Wharf Rd, Toronto, O, M5V 0E4, Canada,, M5B 1Z9, M5B,,M5B
1,1,0,365 Church St, Toronto, O, M5B 1Z9, Canada,, M5E 1Z9, M5E,,M5E
2,2,0,12 Yonge St, Toronto, O, M5E 1Z9, Canada,, M5J 0E1, M5J,,M5J
1,1,0,10 York Street, Toronto, O, M5J 0E1,,, L5B 0H8, L5B,,L5B
2,2,0,3985 Grand Park Drive, 3985 Grand Park Dr, Mississauga, L5B 0H8, L5B 0H8, Canada,M5V,M5V,M5V,M5V
1,1,0,126 Simcoe str, Toronto Downtown M5V 1T8 O,,M5V,,, M5V 0B4, M5V,,M5V
1,1,0,318 Richmond St W, Toronto, O, M5V 0B4, Canada,, M5E 1X6, M5E,,M5E
1,1,0,88 Scott St, Toronto, O, M5E 1X6, Canada,, L7J 1X4, L7J,,L7J
1,1,0,28 Church St W, Acton, O, L7J 1X4, Canada,, L6G 1B3, L6G,,L6G
2,2,0,8081 Birchmount Rd, Markham, O, L6G 1B3, Canada,, M5A 4T7, M5A,,M5A
1,1,0,255 Richmond St E, Toronto, O, M5A 4T7, Canada,, M6H3L4, M6H,,M6H
1,1,1,1512 Dufferin Street, M6H3L4, Toronto, M6H3L4,,, M6J 0A9, M6J,,M6J
2,1,0,170 Sudbury St, Toronto, O, M6J 0A9, Canada,, M5B 1H3, M5B,,M5B
2,2,0,89 McGill St, Toronto, O, M5B 1H3, Canada,,M5T,M5T,M5T,M5T
1,1,0,# Dundas st w, Denison ave and Dundas st w M5T 2,3 O,M5T,,, L1H 4H2, L1H,,L1H
2,1,0,211 Simcoe St S, Oshawa, O, L1H 4H2, Canada,,M6J,M6J,M6J,M6J
1,1,0,M6J1T8, Canada,,M6J,,, L7R 1J7, L7R,,L7R
2,1,0,2386,ew Street, Burlington, L7R 1J7, L7R 1J7,, M5V 0J2, M5V,,M5V
1,1,1,70 Queens Wharf Rd, Toronto, O, M5V 0J2, Canada,, M5B 1H3, M5B,,M5B
1,1,0,89 McGill St, Toronto, O, M5B 1H3, Canada,, L5B 0H8, L5B,,L5B
2,2,0,3985 Grand Park Drive, 3985 Grand Park Dr, Mississauga, L5B 0H8, L5B 0H8, Canada,M5V,M5V,M5V,M5V
1,1,0,126 Simcoe str, Toronto Downtown M5V 1T8 O,,M5V,,, M5B 0B1, M5B,,M5B
1,1,0,89 McGill Street, Toronto, O, M5B 0B1,,, M5J 0E1, M5J,,M5J
2,2,0,10 York Street, Toronto, O, M5J 0E1,,, M4Y 0A4, M4Y,,M4Y
1,1,0,28 Linden Street, Toronto, O, M4Y 0A4,,, M5S 1Z6, M5S,,M5S
1,1,1,832 Bay St, Toronto, O, M5S 1Z6, Canada,, L7S 2M5, L7S,,L7S
2,1.5,0,1375 Stephenson Dr Unit 24, Burlington, O, L7S 2M5, Canada,, M5H 0B1, M5H,,M5H
2,2,0,70 Temperance St, Toronto, O, M5H 0B1, Canada,, M5H 0B1, M5H,,M5H
1,1,0,70 Temperance St, Toronto, O, M5H 0B1, Canada,, M5H 0B1, M5H,,M5H
1,1,0,70 Temperance St, Toronto, O, M5H 0B1, Canada,, L5G 1G4, L5G,,L5G
1,1,0,Downtown Port Credit, Mississauga, O, L5G 1G4,,, M6K 1Z4, M6K,,M6K
2,1,0,200 Dufferin Street, Toronto, O, M6K 1Z4,,, M4X 1K3, M4X,,M4X
1,1,0,392 Sherbourne Street, Toronto, O, M4X 1K3,,, M4X 1K3, M4X,,M4X
1,1,0,392 Sherbourne Street, Toronto, O, M4X 1K3,,, M5J 0E1, M5J,,M5J
2,2,0,10 York Street, Toronto, O, M5J 0E1,,, M5T 2X6, M5T,,M5T
1,1,0,80 St Patrick St, Toronto, O, M5T 2X6, Canada,, M5E 1Z9, M5E,,M5E
2,2,0,12 Yonge St, Toronto, O, M5E 1Z9, Canada,, M5V 1P6, M5V,,M5V
2,2,0,290 Adelaide St W, Toronto, O, M5V 1P6, Canada,, M6K 1Z4, M6K,,M6K
1,1,0,200 Dufferin Street, Toronto, O, M6K 1Z4,,, M4Y 1C5, M4Y,,M4Y
1,1,0,36 Maitland Street, Toronto, O, M4Y 1C5,,, M6K 1Z4, M6K,,M6K
1,1,0,200 Dufferin Street, Toronto, O, M6K 1Z4,,, M5A 0, M5A,,M5A
1,1,0,15 Merchants Wharf, Toronto, O, M5A 0,8,, M5A 0L4, M5A,,M5A
1,1,0,105 George St, Toronto, O, M5A 0L4, Canada,, L1, L1,,L1
2,1,0,Dunlop St E, Whitby, O, L1, Canada,, M5H 0A6, M5H,,M5H
1,1,1,224 King St W, Toronto, O, M5H 0A6,,, M5V 3Y3, M5V,,M5V
1,1,1,11 Brunel Ct, Toronto, O, M5V 3Y3, Canada,, M4X 1W5, M4X,,M4X
1,1,0,565 Sherbourne Street, Toronto, O, M4X 1W5,,, M4X 1W5, M4X,,M4X
1,1,0,545 - 555  Sherbourne Street, Toronto, O, M4X 1W5,,, M4X 1W5, M4X,,M4X
1,1,0,545 - 555  Sherbourne Street, Toronto, O, M4X 1W5,,, L6X 0H4, L6X,,L6X
1,1,0,171 Main Street ,orth, Brampton, L6X 0H4, L6X 0H4,, L5B 0H8, L5B,,L5B
2,2,0,3985 Grand Park Drive, 3985 Grand Park Dr, Mississauga, L5B 0H8, L5B 0H8, Canada,M5V,M5V,M5V,M5V
1,1,0,126 Simcoe str, Toronto Downtown M5V 1T8 O,,M5V,,, M5V 0B4, M5V,,M5V
1,1,0,318 Richmond St W, Toronto, O, M5V 0B4, Canada,, M5V 3Y3, M5V,,M5V
2,2,0,11 Brunel Ct, Toronto, O, M5V 3Y3, Canada,, L6X 0H4, L6X,,L6X
2,1,0,171 Main Street ,orth, Brampton, L6X 0H4, L6X 0H4,,M5T,M5T,M5T,M5T
1,1,0,Enterprise Blvd, Markham, O,M5T,,, M5J 1B7, M5J,,M5J
1,1,0,100 Harbour St, Toronto, O, M5J 1B7, Canada,, M4Y 0C4, M4Y,,M4Y
1,1,0,28 Wellesley Street East, M4Y 0C4, Toronto, M4Y 0C4,,, M6M 1T1, M6M,,M6M
2,1,0,2548 Eglinton Ave W, M6M 1T1, Toronto, M6M 1T1,,, M6K 2G8, M6K,,M6K
2,1,0,101 Sheridan Ave, Toronto, O, M6K 2G8, Canada,, M5J 2Z3, M5J,,M5J
1,1,1,33 Bay St, Toronto, O, M5J 2Z3, Canada,, M5V 4B3, M5V,,M5V
1,2,1,10 Capreol Ct, Toronto, O, M5V 4B3, Canada,, M9C 0A2, M9C,,M9C
2,2,0,235 Sherway Gardens Rd, Etobicoke, O, M9C 0A2, Canada,, M5J 0B1, M5J,,M5J
1,1,0,14 York St, Toronto, O, M5J 0B1, Canada,, M6K 1Z6, M6K,,M6K
2,1,0,295 Dufferin St., Toronto, O, M6K 1Z6,,, M6K 1Z6, M6K,,M6K
2,1,0,295 Dufferin St., Toronto, O, M6K 1Z6,,, M6, M6,,M6
1,1,0,51 Guestville Ave, York, O, M6,4,1, M5G 1R1, M5G,,M5G
1,1,0,89 Chestnut St, Toronto, O, M5G 1R1, Canada,, M5V 3S8, M5V,,M5V
2,2,0,Front St W, Toronto, O, M5V 3S8, Canada,, M5J 0E1, M5J,,M5J
1,1,0,10 York Street, Toronto, O, M5J 0E1,,, M5B 2R6, M5B,,M5B
2,2,0,220 Victoria St, Toronto, O, M5B 2R6, Canada,, M4Y, M4Y,,M4Y
2,2,0,28 Wellesley St E, Toronto, O, M4Y, Canada,, M5H 0B1, M5H,,M5H
2,2,0,Temperance St, Toronto, O, M5H 0B1, Canada,,M5J,M5J,M5J,M5J
2,1,0,, Toronto M5J 0B8 O, Canada,M5J,,, M5A 0G4, M5A,,M5A
2,2,0,170 Bayview Ave, Toronto, O, M5A 0G4, Canada,, M6k 3s2, M6k,,M6k
1,1,0,125 Western Battey st, M6k 3s2, Toronto, M6k 3s2,,, L7R 1J7, L7R,,L7R
2,1,0,2386,ew Street, Burlington, L7R 1J7, L7R 1J7,, M9, M9,,M9
3,1.5,0,2304  Weston Road, Toronto, O, M9, 1Z3,, M9, M9,,M9
1,1,0,2304  Weston Road, Toronto, O, M9, 1Z3,, L7P 1X7, L7P,,L7P
2,1,0,2304  Weston Road, Toronto, O, M9, 1Z3,, L7S 1S2, L7S,,L7S
2,1,0,1275  Brant St, Burlington, O, L7P 1X7,,, M5V 3R5, M5V,,M5V
2,1,0,700  Ross Street, Burlington, O, L7S 1S2,,, M4Y 1T1, M4Y,,M4Y
1,1,1,361 Front St W, Toronto, O, M5V 3R5, Canada,, M5V 0P1, M5V,,M5V
1,1,0,50 Charles St E, Toronto, O, M4Y 1T1, Canada,, L5B 0H8, L5B,,L5B
1,1,0,87 Peter St, Toronto, O, M5V 0P1, Canada,, M4Y 1J3, M4Y,,M4Y
2,2,0,3985 Grand Park Drive, 3985 Grand Park Dr, Mississauga, L5B 0H8, L5B 0H8, Canada, M5G2E8, M5G,,M5G
2,2,0,120 Homewood Ave, Toronto, O, M4Y 1J3, Canada,,M1S,M1S,M1S,M1S
1,1,0,, M5G2E8, Toronto, M5G2E8,,, L5L 5P4, L5L,,L5L
2,2,0,m1s0l7, Canada,,M1S,,, L5B 0C1, L5B,,L5B
2,2,0,2155 Burnhamthorpe Rd W, Mississauga, O, L5L 5P4, Canada,,M4L,M4L,M4L,M4L
1,1,0,3525 Kariya Dr, Mississauga, O, L5B 0C1, Canada,, L3R, L3R,,L3R
1,1,0,M4L1G3, Canada,,M4L,,, M5A 3J7, M5A,,M5A
1,1,0,Water Walk Dr, Markham, O, L3R, Canada,, M5J 2Z2, M5J,,M5J
1,1,1,52 Sumach St, Toronto, O, M5A 3J7, Canada,, M5V 4A9 O, M5V,,M5V
1,1,1,12 York St, Toronto, O, M5J 2Z2, Canada,, M4V 1K6, M4V,,M4V
1,1,0,, DOW,TOW, M5V 4A9 O, Canada,, M5E 0A8, M5E,,M5E
1,1,0,460 Adelaide St E, Toronto, O, M4V 1K6,,, M4V 1K6, M4V,,M4V
1,1,1,1 The Esplanade, Toronto, O, M5E 0A8,,, M5V 1P6, M5V,,M5V
1,1,0,560 King St W, Toronto, O, M4V 1K6,,, L7R 1J7, L7R,,L7R
1,1,0,290 Adelaide Street West, Toronto, O, M5V 1P6,,, M4Y 1V2, M4Y,,M4Y
2,1,0,2386,ew Street, Burlington, L7R 1J7, L7R 1J7,, L7S 1S2, L7S,,L7S
1,1,0,101 Charles St, TORO,TO, M4Y 1V2, M4Y 1V2,, M5E 0A8, M5E,,M5E
2,1,0,700  Ross Street, Burlington, O, L7S 1S2,,, M6K 0A1, M6K,,M6K
2,2,0,1 The Esplanade, Toronto, O, M5E 0A8,,, M4Y 0A3, M4Y,,M4Y
1,1,0,1 SHAW ST, TORO,TO, M6K 0A1, M6K 0A1,, L3R9X3, L3R,,L3R
1,1,0,The Uptown Residences, 35 Balmuto St, Toronto, M4Y 0A3, M4Y 0A3, Canada, L6G0G3, L6G,,L6G
1,1,1,, L3R9X3, markham, L3R9X3,,, M5V 0E4, M5V,,M5V
1,1,0,, L6G0G3, markham, L6G0G3,,, M5B 1Z9, M5B,,M5B
1,1,1,70 Queens Wharf Rd, Toronto, O, M5V 0E4, Canada,, M5E 1X6, M5E,,M5E
1,1,0,365 Church St, Toronto, O, M5B 1Z9, Canada,, L7J 1X4, L7J,,L7J
1,1,0,88 Scott St, Toronto, O, M5E 1X6, Canada,, L6G 1B3, L6G,,L6G
1,1,0,28 Church St W, Acton, O, L7J 1X4, Canada,, M5A 4T7, M5A,,M5A
2,2,0,8081 Birchmount Rd, Markham, O, L6G 1B3, Canada,, M6H3L4, M6H,,M6H
1,1,0,255 Richmond St E, Toronto, O, M5A 4T7, Canada,, M6J 0A9, M6J,,M6J
1,1,1,1512 Dufferin Street, M6H3L4, Toronto, M6H3L4,,, M5B 1H3, M5B,,M5B
2,1,0,170 Sudbury St, Toronto, O, M6J 0A9, Canada,, M5T 0A9, M5T,,M5T
2,2,0,89 McGill St, Toronto, O, M5B 1H3, Canada,, L1H 4H2, L1H,,L1H
1,1,0,# Dundas st w, Denison ave and Dundas st w M5T 2,3 O, M5T 0A9,,,M6J,M6J,M6J,M6J
2,1,0,211 Simcoe St S, Oshawa, O, L1H 4H2, Canada,, L7R 1J7, L7R,,L7R
1,1,0,M6J1T8, Canada,,M6J,,, M5V 0J2, M5V,,M5V
2,1,0,2386,ew Street, Burlington, L7R 1J7, L7R 1J7,, M5B 1H3, M5B,,M5B
1,1,1,70 Queens Wharf Rd, Toronto, O, M5V 0J2, Canada,, M5B 0B1, M5B,,M5B
1,1,0,89 McGill St, Toronto, O, M5B 1H3, Canada,, M5B 2H3, M5B,,M5B
1,1,0,89 McGill Street, Toronto, O, M5B 0B1,,, M5B 2H3, M5B,,M5B
1,1,0,424 Yonge Street, Toronto, O, M5B 2H3,,, M5G 2K2, M5G,,M5G
2,2,0,424 Yonge Street, Toronto, O, M5B 2H3,,,M5B,M5B,M5B,M5B
1,1,0,386 Yonge St, Toronto, O, M5G 2K2, Canada,,L5B,L5B,L5B,L5B
2,2,0,, toronto M5B1E4 O, Canada,M5B,,, M5V0P1, M5V,,M5V
1,1,1,, Mississauga L5B 0G6 O, Canada,L5B,,,L5B,L5B,L5B,L5B
1,1,0,87 PETER ST, M5V0P1, TORO, M5V0P1, O,, M5A 0G4, M5A,,M5A
1,1,1,, Mississauga  L5H3B2 O, Canada,L5B,,,M6K,M6K,M6K,M6K
1,1,0,120 Bayview Ave., M5A 0G4, Toronto, M5A 0G4,,, M5E 0E9, M5E,,M5E
1,1,0,51 E Liberty St, Toronto M6K 3P8 O,,M6K,,,M8V,M8V,M8V,M8V
3,2,0,M5B0A5, Canada,,,,,M5E,M5E,M5E,M5E
3,2,0,, M5V 2G4, Toronto, O,,, M5V 4A9, M5V,,M5V
1,1,0,300 Front St W, M5E 0E9, Toronto, M5E 0E9,,, M4Y 0A9, M4Y,,M4Y
1,1.5,0,k , Toronto m8v 2t8 O, Canada,M8V,,, M5V 0J8, M5V,,M5V
1,1,0,, Toronto m5e0a8 O,,M5E,,, M5V 0P1, M5V,,M5V
1,1,1,Iceboat Terr, Toronto, O, M5V 4A9, Canada,, M5B 1H3, M5B,,M5B
2,2,0,101 Charles St E, Toronto, O, M4Y 0A9, Canada,, M5V 0P1, M5V,,M5V
2,1,0,75 Queens Wharf Rd, Toronto, O, M5V 0J8, Canada,, L7S 1M1, L7S,,L7S
2,1,0,87 Peter St, Toronto, O, M5V 0P1, Canada,, M5B 0B1, M5B,,M5B
1,1,0,89 McGill St, Toronto, O, M5B 1H3, Canada,, M4Y 2W4, M4Y,,M4Y
1,1,0,87 Peter Street, Toronto, O, M5V 0P1,,,M2J0A9,M2J0,M2J0,M2J0
1,1,0,455 Maple Ave, Burlington, O, L7S 1M1,,, M4X 1L2, M4X,,M4X
1,1,0,89 McGill Street, Toronto, O, M5B 0B1,,, M4X 1L2, M4X,,M4X
1,1,0,44 St Joseph Street, Toronto, O, M4Y 2W4,,, M4X 1L2, M4X,,M4X
1,2,1,, ,orth York M2j0a9 O,M2J0A9,,, L1H 5A2, L1H,,L1H
2,2,0,540 Sherbourne St, Toronto, O, M4X 1L2, Canada,,L5B,L5B,L5B,L5B
1,1,0,540 Sherbourne St, Toronto, O, M4X 1L2, Canada,, M2J 2Z2, M2J,,M2J
1,1,0,540 Sherbourne St, Toronto, O, M4X 1L2, Canada,, M5H 1A1, M5H,,M5H
2,1.5,0,63 Drew St, Oshawa, O, L1H 5A2, Canada,, L1H 5A2, L1H,,L1H
1,2,1,, Mississauga L5B4M2 O, Canada,L5B,,, M5A 4V1, M5A,,M5A
1,1,1,150 Fairview Mall Dr, ,orth York, M2J 2Z2, M2J 2Z2, Canada, M5V 3M3, M5V,,M5V
3,1.5,0,19 Sudbury St, Toronto, O, M6J 3W6, Canada,,M8V,M8V,M8V,M8V
1,1,1,One King Street West, 1 King St W, Toronto, M5H 1A1, M5H 1A1, Canada,M4Y,M4Y,M4Y,M4Y
2,1,0,63 Drew St, Oshawa, O, L1H 5A2, Canada,,M5J,M5J,M5J,M5J
2,1,0,333 Adelaide St E, Toronto, O, M5A 4V1, Canada,,L6G,L6G,L6G,L6G
1,1,0,600 Queens Quay W, Toronto, O, M5V 3M3, Canada,, M5A 3H1, M5A,,M5A
1,1,1,, Toronto m8v0b2 O, Canada,M8V,,, M5A 1, M5A,,M5A
1,1,1,38 Grenville, TORO,TO M4Y1A5 O,M4Y,,, M5A 1, M5A,,M5A
1,1,0,, Toronto M5J 2H2 O, Canada,M5J,,, M4V 1X4, M4V,,M4V
1,1,0,111 Upper Duke, Makrham L6G0C6 O,,L6G,,, L1J 4G9, L1J,,L1J
1,1,1,200 Sackville St, Toronto, O, M5A 3H1, Canada,, M5T 1M1, M5T,,M5T
1,1,1,424 Adelaide St E, Toronto, O, M5A 1,4, Canada, M5V 0P1, M5V,,M5V
1,1,1,424 Adelaide St E, Toronto, O, M5A 1,4, Canada, M5B 0B1, M5B,,M5B
1,1,0,320 Lonsdale Road, Toronto, O, M4V 1X4,,, L6G 0B8, L6G,,L6G
2,1,0,86 Park Rd S, Oshawa, O, L1J 4G9, Canada,,M5J,M5J,M5J,M5J
1,1,0,80 Kensington Ave, Toronto, O, M5T 1M1, Canada,, L7S 2M5, L7S,,L7S
1,1,0,Peter St, Toronto, O, M5V 0P1, Canada,, M5H 0B1, M5H,,M5H
1,1,0,89 McGill Street, Toronto, O, M5B 0B1,,, M5H 0B1, M5H,,M5H
2,2,0,39 Upper Duke Cres., L6G 0B8, Markham, L6G 0B8,,, M5H 0B1, M5H,,M5H
2,2,0,M5J2Z2, Canada,,M5J,,, M5A 0, M5A,,M5A
2,1.5,0,1375 Stephenson Dr Unit 24, Burlington, O, L7S 2M5, Canada,, M5A 0L4, M5A,,M5A
2,2,0,70 Temperance St, Toronto, O, M5H 0B1, Canada,, L1, L1,,L1
1,1,0,70 Temperance St, Toronto, O, M5H 0B1, Canada,, M5H 0A6, M5H,,M5H
1,1,0,70 Temperance St, Toronto, O, M5H 0B1, Canada,, M5V 3Y3, M5V,,M5V
1,1,0,15 Merchants Wharf, Toronto, O, M5A 0,8,, M4X 1W5, M4X,,M4X
1,1,0,105 George St, Toronto, O, M5A 0L4, Canada,, M4X 1W5, M4X,,M4X
2,1,0,Dunlop St E, Whitby, O, L1, Canada,, M4X 1W5, M4X,,M4X
1,1,1,224 King St W, Toronto, O, M5H 0A6,,, M2J 2Z2, M2J,,M2J
1,1,1,11 Brunel Ct, Toronto, O, M5V 3Y3, Canada,, M5H 1A1, M5H,,M5H
1,1,0,565 Sherbourne Street, Toronto, O, M4X 1W5,,, M5J 1B7, M5J,,M5J
1,1,0,545 - 555  Sherbourne Street, Toronto, O, M4X 1W5,,, M4Y 0C4, M4Y,,M4Y
1,1,0,545 - 555  Sherbourne Street, Toronto, O, M4X 1W5,,, M6M 1T1, M6M,,M6M
1,1,0,171 Main Street ,orth, Brampton, M2J 2Z2, L6X 0H4,, M6K 2G8, M6K,,M6K
2,1,0,171 Main Street ,orth, Brampton, M5H 1A1, L6X 0H4,, M5J 2Z3, M5J,,M5J
1,1,0,100 Harbour St, Toronto, O, M5J 1B7, Canada,, M5T 1V2, M5T,,M5T
1,1,0,28 Wellesley Street East, M4Y 0C4, Toronto, M4Y 0C4,,, M5V 1P6, M5V,,M5V
2,1,0,2548 Eglinton Ave W, M6M 1T1, Toronto, M6M 1T1,,, M5E 1Z9, M5E,,M5E
2,1,0,101 Sheridan Ave, Toronto, O, M6K 2G8, Canada,, M5V 4B3, M5V,,M5V
1,1,1,33 Bay St, Toronto, O, M5J 2Z3, Canada,, M9C 0A2, M9C,,M9C
1,1,0,96 St Patrick St, Toronto, O, M5T 1V2, Canada,, M5J 0B1, M5J,,M5J
2,2,0,290 Adelaide St W, Toronto, O, M5V 1P6, Canada,, M6K 1Z6, M6K,,M6K
2,2,0,12 Yonge St, Toronto, O, M5E 1Z9, Canada,, M6K 1Z6, M6K,,M6K
1,2,1,10 Capreol Ct, Toronto, O, M5V 4B3, Canada,, M6, M6,,M6
2,2,0,235 Sherway Gardens Rd, Etobicoke, O, M9C 0A2, Canada,, M5G 1R1, M5G,,M5G
1,1,0,14 York St, Toronto, O, M5J 0B1, Canada,, M5B 2R6, M5B,,M5B
2,1,0,295 Dufferin St., Toronto, O, M6K 1Z6,,, M4Y, M4Y,,M4Y
2,1,0,295 Dufferin St., Toronto, O, M6K 1Z6,,,M5J,M5J,M5J,M5J
1,1,0,51 Guestville Ave, York, O, M6,4,1, M5A 0G4, M5A,,M5A
1,1,0,89 Chestnut St, Toronto, O, M5G 1R1, Canada,, M6k 3s2, M6k,,M6k
2,2,0,220 Victoria St, Toronto, O, M5B 2R6, Canada,, M9, M9,,M9
2,2,0,28 Wellesley St E, Toronto, O, M4Y, Canada,, M9, M9,,M9
2,1,0,, Toronto M5J 0B8 O, Canada,M5J,,, L7P 1X7, L7P,,L7P
2,2,0,170 Bayview Ave, Toronto, O, M5A 0G4, Canada,, L7S 1S2, L7S,,L7S
1,1,0,125 Western Battey st, M6k 3s2, Toronto, M6k 3s2,,, M5V 0J2, M5V,,M5V
3,1.5,0,2304  Weston Road, Toronto, O, M9, 1Z3,, M4Y 2X6, M4Y,,M4Y
1,1,0,2304  Weston Road, Toronto, O, M9, 1Z3,, M5V 1K1, M5V,,M5V
2,1,0,2304  Weston Road, Toronto, O, M9, 1Z3,, M5J 0E1, M5J,,M5J
2,1,0,1275  Brant St, Burlington, O, L7P 1X7,,, M5V 0L4, M5V,,M5V
2,1,0,700  Ross Street, Burlington, O, L7S 1S2,,, M4Y 1T1, M4Y,,M4Y
1,1,1,70 Queens Wharf Rd 33rd Floor, Toronto, O, M5V 0J2, Canada,, L5B 0H8, L5B,,L5B
1,1,0,24 Wellesley St W, Toronto, O, M4Y 2X6, Canada,, M5G2E8, M5G,,M5G
2,1,0,375 King St W, Toronto, O, M5V 1K1, Canada,,M1S,M1S,M1S,M1S
1,1,0,10 York Street, Toronto, O, M5J 0E1,,, L5L 5P4, L5L,,L5L
1,1,0,295 Adelaide St W, Toronto, O, M5V 0L4, Canada,, L5B 0C1, L5B,,L5B
1,1,0,50 Charles St E, Toronto, O, M4Y 1T1, Canada,,M4L,M4L,M4L,M4L
2,2,0,3985 Grand Park Drive, 3985 Grand Park Dr, Mississauga, L5B 0H8, L5B 0H8, Canada, L3R, L3R,,L3R
1,1,0,, M5G2E8, Toronto, M5G2E8,,, M5A 3J7, M5A,,M5A
2,2,0,m1s0l7, Canada,,M1S,,, M5J 2Z2, M5J,,M5J
2,2,0,2155 Burnhamthorpe Rd W, Mississauga, O, L5L 5P4, Canada,, M5V 4A9 O, M5V,,M5V
1,1,0,3525 Kariya Dr, Mississauga, O, L5B 0C1, Canada,, M4V 1K6, M4V,,M4V
1,1,0,M4L1G3, Canada,,M4L,,, M5E 0A8, M5E,,M5E
1,1,0,Water Walk Dr, Markham, O, L3R, Canada,, M4V 1K6, M4V,,M4V
1,1,1,52 Sumach St, Toronto, O, M5A 3J7, Canada,, M5V 1P6, M5V,,M5V
1,1,1,12 York St, Toronto, O, M5J 2Z2, Canada,, L7R 1J7, L7R,,L7R
1,1,0,, DOW,TOW, M5V 4A9 O, Canada,, M4Y 1V2, M4Y,,M4Y
1,1,0,460 Adelaide St E, Toronto, O, M4V 1K6,,, M5E 0A8, M5E,,M5E
1,1,1,1 The Esplanade, Toronto, O, M5E 0A8,,, M6K 0A1, M6K,,M6K
1,1,0,560 King St W, Toronto, O, M4V 1K6,,, M4Y 0A3, M4Y,,M4Y
1,1,0,290 Adelaide Street West, Toronto, O, M5V 1P6,,, L3R9X3, L3R,,L3R
2,1,0,2386,ew Street, Burlington, L7R 1J7, L7R 1J7,, L6G0G3, L6G,,L6G
1,1,0,101 Charles St, TORO,TO, M4Y 1V2, M4Y 1V2,, M5V 0E4, M5V,,M5V
2,2,0,1 The Esplanade, Toronto, O, M5E 0A8,,, M5B 1Z9, M5B,,M5B
1,1,0,1 SHAW ST, TORO,TO, M6K 0A1, M6K 0A1,, M5E 1X6, M5E,,M5E
1,1,0,The Uptown Residences, 35 Balmuto St, Toronto, M4Y 0A3, M4Y 0A3, Canada, L7J 1X4, L7J,,L7J
1,1,1,, L3R9X3, markham, L3R9X3,,, L6G 1B3, L6G,,L6G
1,1,0,, L6G0G3, markham, L6G0G3,,, M5A 4T7, M5A,,M5A
1,1,1,70 Queens Wharf Rd, Toronto, O, M5V 0E4, Canada,, M6H3L4, M6H,,M6H
1,1,0,365 Church St, Toronto, O, M5B 1Z9, Canada,, M6J 0A9, M6J,,M6J
1,1,0,88 Scott St, Toronto, O, M5E 1X6, Canada,, M5B 1H3, M5B,,M5B
1,1,0,28 Church St W, Acton, O, L7J 1X4, Canada,,M5T,M5T,M5T,M5T
2,2,0,8081 Birchmount Rd, Markham, O, L6G 1B3, Canada,, L1H 4H2, L1H,,L1H
1,1,0,255 Richmond St E, Toronto, O, M5A 4T7, Canada,,M6J,M6J,M6J,M6J
1,1,1,1512 Dufferin Street, M6H3L4, Toronto, M6H3L4,,, L7R 1J7, L7R,,L7R
2,1,0,170 Sudbury St, Toronto, O, M6J 0A9, Canada,, M5V 0J2, M5V,,M5V
2,2,0,89 McGill St, Toronto, O, M5B 1H3, Canada,, M5B 1H3, M5B,,M5B
1,1,0,# Dundas st w, Denison ave and Dundas st w M5T 2,3 O,M5T,,, M5G 2K2, M5G,,M5G
2,1,0,211 Simcoe St S, Oshawa, O, L1H 4H2, Canada,,M5B,M5B,M5B,M5B
1,1,0,M6J1T8, Canada,,M6J,,, M5J 0E1, M5J,,M5J
2,1,0,2386,ew Street, Burlington, L7R 1J7, L7R 1J7,, M4Y 3B2, M4Y,,M4Y
1,1,1,70 Queens Wharf Rd, Toronto, O, M5V 0J2, Canada,,L5B,L5B,L5B,L5B
1,1,0,89 McGill St, Toronto, O, M5B 1H3, Canada,, M5V0P1, M5V,,M5V
1,1,0,386 Yonge St, Toronto, O, M5G 2K2, Canada,,L5H,L5H,L5H,L5H
2,2,0,, toronto M5B1E4 O, Canada,M5B,,, M5A 0G4, M5A,,M5A
2,2,0,10 York Street, Toronto, O, M5J 0E1,,,M6K,M6K,M6K,M6K
2,2,0,8 Wellesley St E, Toronto, O, M4Y 3B2, Canada,, M5E 0E9, M5E,,M5E
1,1,1,, Mississauga L5B 0G6 O, Canada,L5B,,,M8V,M8V,M8V,M8V
1,1,0,87 PETER ST, M5V0P1, TORO, M5V0P1, O,,M5E,M5E,M5E,M5E
1,1,1,, Mississauga  L5H3B2 O, Canada,L5H,,, M4Y 0A9, M4Y,,M4Y
1,1,0,120 Bayview Ave., M5A 0G4, Toronto, M5A 0G4,,, M5V 0J8, M5V,,M5V
1,1,0,51 E Liberty St, Toronto M6K 3P8 O,,M6K,,, M5V 0P1, M5V,,M5V
3,2,0,M5B0A5, Canada,,,,, M5B 1H3, M5B,,M5B
3,2,0,, M5V 2G4, Toronto, O,,, M5V 0P1, M5V,,M5V
1,1,0,300 Front St W, M5E 0E9, Toronto, M5E 0E9,,, L7S 1M1, L7S,,L7S
1,1.5,0,k , Toronto m8v 2t8 O, Canada,M8V,,, M5B 0B1, M5B,,M5B
1,1,0,, Toronto m5e0a8 O,,M5E,,, M4Y 2W4, M4Y,,M4Y
2,2,0,101 Charles St E, Toronto, O, M4Y 0A9, Canada,, M5T 2X6, M5T,,M5T
2,1,0,75 Queens Wharf Rd, Toronto, O, M5V 0J8, Canada,, L1H 5A2, L1H,,L1H
2,1,0,87 Peter St, Toronto, O, M5V 0P1, Canada,,L6G,L6G,L6G,L6G
1,1,0,89 McGill St, Toronto, O, M5B 1H3, Canada,,L5B,L5B,L5B,L5B
1,1,0,87 Peter Street, Toronto, O, M5V 0P1,,, M5V 3R5, M5V,,M5V
1,1,0,455 Maple Ave, Burlington, O, L7S 1M1,,, L1H 5A2, L1H,,L1H
1,1,0,89 McGill Street, Toronto, O, M5B 0B1,,, M5A 4V1, M5A,,M5A
1,1,0,44 St Joseph Street, Toronto, O, M4Y 2W4,,, M5V 3M3, M5V,,M5V
1,1,0,80 St Patrick St, Toronto, O, M5T 2X6, Canada,,M8V,M8V,M8V,M8V
2,1.5,0,63 Drew St, Oshawa, O, L1H 5A2, Canada,,M4Y,M4Y,M4Y,M4Y
1,1,1,, Markham L6G1B3 O, Canada,L6G,,,M5J,M5J,M5J,M5J
1,2,1,, Mississauga L5B4M2 O, Canada,L5B,,,L6G,L6G,L6G,L6G
3,1.5,0,19 Sudbury St, Toronto, O, M6J 3W6, Canada,, M5A 3H1, M5A,,M5A
1,1,1,361 Front St W, Toronto, O, M5V 3R5, Canada,, M5A 1, M5A,,M5A
2,1,0,63 Drew St, Oshawa, O, L1H 5A2, Canada,, M4V 1X4, M4V,,M4V
2,1,0,333 Adelaide St E, Toronto, O, M5A 4V1, Canada,, M5T 1M1, M5T,,M5T
1,1,0,600 Queens Quay W, Toronto, O, M5V 3M3, Canada,,M5G,M5G,M5G,M5G
1,1,1,, Toronto m8v0b2 O, Canada,M8V,,, M2, M2,,M2
1,1,1,38 Grenville, TORO,TO M4Y1A5 O,M4Y,,, M5E 1E3, M5E,,M5E
1,1,0,, Toronto M5J 2H2 O, Canada,M5J,,, L5B 4L6, L5B,,L5B
1,1,0,111 Upper Duke, Makrham L6G0C6 O,,L6G,,, M5A 0M4, M5A,,M5A
1,1,1,200 Sackville St, Toronto, O, M5A 3H1, Canada,, M5A 1, M5A,,M5A
1,1,1,424 Adelaide St E, Toronto, O, M5A 1,4, Canada, M6H 2W9, M6H,,M6H
1,1,0,320 Lonsdale Road, Toronto, O, M4V 1X4,,, M6H 2W9, M6H,,M6H
1,1,0,80 Kensington Ave, Toronto, O, M5T 1M1, Canada,, M6H 2W9, M6H,,M6H
2,2,0,, Toronto M5G 0A6 O, Canada,M5G,,, M3H 3P9, M3H,,M3H
2,2,0,5 Sheppard Ave E, Toronto, O, M2, 2Z8,, M2R 1X4, M2R,,M2R
1,1,0,60 Colborne St, Toronto, O, M5E 1E3,,, M2R 1X4, M2R,,M2R
2,2,0,3895 Grand Park Dr, Mississauga, O, L5B 4L6, Canada,, M3H 3P9, M3H,,M3H
1,1,0,170 Bayview Ave, Toronto, O, M5A 0M4,,, M6H 2Z4, M6H,,M6H
1,1,0,460 Adelaide St E, Toronto, O, M5A 1,4,, M6H 2Z2, M6H,,M6H
1,1,0,730 Dovercourt Road, Toronto, O, M6H 2W9,,, M6H 2Z2, M6H,,M6H
1,1,0,730 Dovercourt Road, Toronto, O, M6H 2W9,,, M6H 2Z2, M6H,,M6H
1,1,0,730 Dovercourt Road, Toronto, O, M6H 2W9,,, M2J 1V3, M2J,,M2J
1,1,0,4190 Bathurst Street, Toronto, O, M3H 3P9,,, L4A 2S5, L4A,,L4A
1,1,0,4866 Bathurst Street, Toronto, O, M2R 1X4,,, m4k3p6, m4k,,m4k
2,1,0,4866 Bathurst Street, Toronto, O, M2R 1X4,,,M5V,M5V,M5V,M5V
2,1,0,4190 Bathurst Street, Toronto, O, M3H 3P9,,, M6M 1T1, M6M,,M6M
1,1,0,357 Rusholme Road, Toronto, O, M6H 2Z4,,,M5G,M5G,M5G,M5G
1,1,0,323 Rusholme Road, Toronto, O, M6H 2Z2,,, M5E 0A9, M5E,,M5E
1,1,0,323 Rusholme Road, Toronto, O, M6H 2Z2,,, M4Y 2X4, M4Y,,M4Y
1,1,0,323 Rusholme Road, Toronto, O, M6H 2Z2,,,M5Y,M5Y,M5Y,M5Y
1,1,0,1650 Sheppard Avenue East, Toronto, O, M2J 1V3,,, L5B 0E1, L5B,,L5B
1,1.5,1,6210 Main St, Whitchurch-Stouffville, O, L4A 2S5, Canada,, M5V 1X9, M5V,,M5V
1,1,0,Toronto, O, Canada, m4k3p6,,, M5V 4A9 O, M5V,,M5V
1,1,1,M5V3Z7, Canada,,M5V,,, M6K 3P1, M6K,,M6K
2,1,0,2548 Eglinton Ave W, M6M 1T1, Toronto, M6M 1T1,,, M6J, M6J,,M6J
1,1,0,Bay st and college st, Toronto M5G 2C8 O, Canada,M5G,,, M5H 0A6, M5H,,M5H
1,1,0,88 Scott St, M5E 0A9, Toronto, M5E 0A9,,,L3R,L3R,L3R,L3R
2,1,0,Homewood Ave, Toronto, O, M4Y 2X4, Canada,, L1G 6R2, L1G,,L1G
1,1,0,, Toronto M5Y2T4 O, Canada,M5Y,,, M5T 1V2, M5T,,M5T
2,2,0,Ultra Ovation, 330 Burnhamthorpe Rd W, Mississauga, L5B 0E1, L5B 0E1, Canada, M5V 1B5, M5V,,M5V
3,2,0,85 Queens Wharf Rd, Toronto, O, M5V 0J9, Canada,, M5V 0P1, M5V,,M5V
1,1,1,435 Richmond St W, Toronto, O, M5V 1X9, Canada,,M5H,M5H,M5H,M5H
1,1,0,, DOW,TOW, M5V 4A9 O, Canada,, M5B 1H3, M5B,,M5B
1,1,0,26 Western Battery Rd, Toronto, O, M6K 3P1, Canada,, M4M 2C7, M4M,,M4M
2,2,0,12 Sudbury St, Toronto, O, M6J, Canada,, M5J 0E1, M5J,,M5J
1,1,1,224 King St W, Toronto, O, M5H 0A6, Canada,,L5M,L5M,L5M,L5M
1,1.5,1,, markham l3r1l5 O, Canada,L3R,,, M4M 2C7, M4M,,M4M
2,1,0,44 Bond St W, Oshawa, O, L1G 6R2, Canada,, M5E 1Z8, M5E,,M5E
1,1,0,96 St Patrick Street, Toronto, O, M5T 1V2,,, M5A 0G2, M5A,,M5A
3,2,0,20 Graydon Hall Drive, Toronto, O, M3A 2Z9,,, M5B 0B5, M5B,,M5B
1,1,0,352 Front St W, Toronto, O, M5V 1B5,,, M5H 0B1, M5H,,M5H
1,1,0,87 Peter St, Toronto, O, M5V 0P1, Canada,, L6J 3, L6J,,L6J
1,1,0,, Toronto M5H1A1 O, Canada,M5H,,, L3Z, L3Z,,L3Z
1,1.5,1,89 McGill St, Toronto, O, M5B 1H3, Canada,, L3Z, L3Z,,L3Z
1,1,1,85 Hamilton St, Toronto, O, M4M 2C7, Canada,, L3Z, L3Z,,L3Z
2,2,0,York Street, M5J 0E1, Toronto, M5J 0E1,,, M5H 0B1, M5H,,M5H
1,1,1,l5m6j5, Canada,,L5M,,, L1X 1Y7, L1X,,L1X
1,1,0,85 Hamilton St, Toronto, O, M4M 2C7, Canada,,M6K,M6K,M6K,M6K
2,2,0,18 Yonge St, Toronto, O, M5E 1Z8, Canada,, M5J 3A6, M5J,,M5J
1,2,1,455 Front St E, Toronto, O, M5A 0G2, Canada,, M5S 3K4, M5S,,M5S
1,1,0,365 Church St Unit 2005, Toronto, O, M5B 0B5, Canada,, L5B 0E9, L5B,,L5B
1,2,0,70 Temperance St, Toronto, O, M5H 0B1, Canada,, M5H4E6, M5H,,M5H
1,1,0,105 Allan St, Oakville, O, L6J 3,2, Canada, M4J 1L2, M4J,,M4J
1,1,0,74 John St W, Bradford, O, L3Z, Canada,, M5J 0C3, M5J,,M5J
1,1,0,74 John St W, Bradford, O, L3Z, Canada,, M4Y 1R9, M4Y,,M4Y
1,1,0,74 John St W, Bradford, O, L3Z, Canada,, M4Y 1R9, M4Y,,M4Y
1,1,0,70 Temperance St, Toronto, O, M5H 0B1, Canada,, L5A 3X1, L5A,,L5A
2,1,0,2087 Duberry Dr, Pickering, O, L1X 1Y7, Canada,, M4Y 1R9, M4Y,,M4Y
1,1,0,91,140,146 Jameson Avenue,M6K, O, M6K 2W8, L6T 4, L6T,,L6T
1,1,1,Lower Simcoe St, Toronto, O, M5J 3A6, Canada,, M6K 0A3, M6K,,M6K
1,1,1,, M5S 3K4, Toronto, M5S 3K4,,, L3Z1A2, L3Z,,L3Z
1,1,1,4070 Confederation Pkwy, Mississauga, O, L5B 0E9, Canada,, M5V 2G4, M5V,,M5V
1,1,0,Toronto, O, M5H4E6, M5H4E6,,, L5B 0H8, L5B,,L5B
1,1,0,685 Danforth Ave, Toronto, O, M4J 1L2, Canada,, L7R 4J8, L7R,,L7R
1,1,0,88 Harbour St, Toronto, O, M5J 0C3, Canada,,M5B,M5B,M5B,M5B
1,1,0,57 Charles Street West, Toronto, O, M4Y 1R9,,,M5B,M5B,M5B,M5B
2,1,0,57 Charles Street West, Toronto, O, M4Y 1R9,,,L7S,L7S,L7S,L7S
2,1,0,3620 Kaneff Crescent, Mississauga, O, L5A 3X1,,, M3C 3n4, M3C,,M3C
1,1,0,57 Charles Street West, Toronto, O, M4Y 1R9,,,M5A,M5A,M5A,M5A
2,2,0,10 Lisa Street, Brampton, O, L6T 4,4,, L3R, L3R,,L3R
1,1,1,20 Joe Shuster Way, Toronto, O, M6K 0A3, Canada,,M5B,M5B,M5B,M5B
1,1.5,0,Bradford, Bradford West Gwillimbury, O, L3Z1A2, L3Z1A2,, M5J 3A3, M5J,,M5J
1,1,0,87 Peter St, Toronto, O, M5V 2G4, Canada,, M5J 3A3, M5J,,M5J
1,1,0,3985 Grand Park Drive, 3985 Grand Park Dr, Mississauga, L5B 0H8, L5B 0H8, Canada, M6E 3Z2, M6E,,M6E
1,1,0,430 Pearl St, Burlington, O, L7R 4J8, Canada,, M5A 0E8, M5A,,M5A
2,2,0,, Toronto M5B1L4 O, Canada,M5B,,,M5V,M5V,M5V,M5V
1,1,0,25 c, t M5B 1L4 O, Canada,M5B,,, L6G 0B8, L6G,,L6G
1,1,0,, Burlington L7S 1H7 O, Canada,L7S,,, M5J 0E1, M5J,,M5J
1,1,1,7 Concorde Pl, M3C 3n4, Toronto, M3C 3n4,,, M5J 0E1, M5J,,M5J
1,1,0,269 Ontario St, Toronto M5A 2V6 O,,M5A,,, M5E 1Z9, M5E,,M5E
1,1,0,Water Walk Dr, Markham, O, L3R, Canada,, M5V 0L4, M5V,,M5V
1,1,0,, downtown toronto M5B2E8 O, Canada,M5B,,, M4Y 3B2, M4Y,,M4Y
2,1,0,, M5J 3A3, Toronto, M5J 3A3, Canada,, M5V 0J2, M5V,,M5V
1,1,0,19 Grand Trunk Crescent, Toronto, O, M5J 3A3, Canada,, M5V 0P1, M5V,,M5V
2,1,0,49 Boon Ave, Toronto, O, M6E 3Z2, Canada,, M5T 1V2, M5T,,M5T
1,1,0,32 Trolley Cres, M5A 0E8, Toronto, M5A 0E8,,, M9, M9,,M9
1,1,0,126 Simcoe str, Toronto Downtown M5V 1T8 O,,M5V,,, M9, M9,,M9
2,2,0,39 Upper Duke Cres., L6G 0B8, Markham, L6G 0B8,,, M4Y 1, M4Y,,M4Y
2,2,0,10 York Street, Toronto, O, M5J 0E1,,, m8v0a5, m8v,,m8v
1,1,0,10 York Street, Toronto, O, M5J 0E1,,, M4Y 2V6, M4Y,,M4Y
2,2,0,12 Yonge St, Toronto, O, M5E 1Z9, Canada,, M5V 0B4, M5V,,M5V
1,1,0,295 Adelaide St W, Toronto, O, M5V 0L4, Canada,,M4X,M4X,M4X,M4X
2,2,0,8 Wellesley St E, Toronto, O, M4Y 3B2, Canada,, M5J 0B1, M5J,,M5J
1,1,1,70 Queens Wharf Rd 33rd Floor, Toronto, O, M5V 0J2, Canada,, L6G 0B6, L6G,,L6G
1,1,0,Peter St, Toronto, O, M5V 0P1, Canada,, M5V 1P6, M5V,,M5V
1,1,0,96 St Patrick St, Toronto, O, M5T 1V2, Canada,, M5H 1A1, M5H,,M5H
1,1,0,2255 Weston Road, Toronto, O, M9, 1X9,, M4Y 1H5, M4Y,,M4Y
1,1,0,2255 Weston Road, Toronto, O, M9, 1X9,, M4V 1, M4V,,M4V
1,1,0,89  Isabella Street, Toronto, O, M4Y 1,8,, L9W 1X2, L9W,,L9W
2,1,0,56 annie craig drive, m8v0a5, toronto, m8v0a5,,, M5A 2M5, M5A,,M5A
2,2,0,77 Maitland Pl, Toronto, O, M4Y 2V6, Canada,, M5J2Y2, M5J,,M5J
1,1,0,318 Richmond St W, Toronto, O, M5V 0B4, Canada,, M4Y 2X6, M4Y,,M4Y
1,1,0,, Toronto M5X 1K2 O, Canada,M4X,,, L4H2M1 O, L4H,,L4H
1,1,0,14 York St, M5J 0B1, Toronto, M5J 0B1,,,M5J,M5J,M5J,M5J
1,1,1,151 Upper Duke Crescent, Unionville, O, L6G 0B6, Canada,, M5A 2B7, M5A,,M5A
2,2,0,290 Adelaide St W, Toronto, O, M5V 1P6, Canada,, M5G 1P7, M5G,,M5G
1,1,0,1 King St W, Toronto, O, M5H 1A1, Canada,, M4W 3Y3, M4W,,M4W
1,1,0,100 Wellesley St E, Toronto, O, M4Y 1H5, Canada,, L1V 2V6, L1V,,L1V
1,1,0,111 St Clair Ave W, Toronto, O, M4V 1,5, Canada, M5A 1, M5A,,M5A
2,1,0,146 Dufferin St, Orangeville, O, L9W 1X2, Canada,,L3S,L3S,L3S,L3S
1,1,0,112 George St, Toronto, O, M5A 2M5, Canada,, M5B 2G3, M5B,,M5B
1,1,1,8 York St 1701 Toronto   Ontario, M5J2Y2, toronto, M5J2Y2,,, M5E 0A8, M5E,,M5E
1,1,0,24 Wellesley St W, Toronto, O, M4Y 2X6, Canada,, M5A 1, M5A,,M5A
1,1,1,41 SA,TI,A ST , L4H2M1 O, L4H2M1 O,, M5J 2Z2, M5J,,M5J
1,1,0,, Toronto M5J2Z3 O, Canada,M5J,,, M5R 1C4, M5R,,M5R
2,1,0,55 Regent Park Blvd, Toronto, O, M5A 2B7, Canada,, M5A 0G4, M5A,,M5A
1,1.5,0,111 Elizabeth St, Toronto, O, M5G 1P7, Canada,, M5J 0A6, M5J,,M5J
1,1,0,235 Bloor Street East, Toronto, O, M4W 3Y3,,, M4W 3Y3, M4W,,M4W
1,1,0,1918 Faylee Crescent, Pickering, O, L1V 2V6, Canada,, L4L 0G7, L4L,,L4L
1,1,0,460 Adelaide St E, Toronto, O, M5A 1,4, Canada,L6G,L6G,L6G,L6G
2,2,0,, Markham and Whitby L3S 3g2 O,,L3S,,, M5B 0B1, M5B,,M5B
1,1,0,111 Carlton St, Toronto, O, M5B 2G3, Canada,, M8Y 3K4, M8Y,,M8Y
1,1,1,1 The Esplanade, Toronto, O, M5E 0A8, Canada,, M5B 2J7, M5B,,M5B
1,1,0,460 Adelaide St E, Toronto, O, M5A 1,4, Canada, M5V 2M9, M5V,,M5V
1,1,0,12 York St, Toronto, O, M5J 2Z2, Canada,, M6S4R2, M6S,,M6S
1,1,0,155 Yorkville Ave, Toronto, O, M5R 1C4, Canada,, M5b2e8, M5b,,M5b
2,2,0,170 Bayview Ave, Toronto, O, M5A 0G4, Canada,, L4K 2M7, L4K,,L4K
1,1,0,Bremner Blvd, Toronto, O, M5J 0A6, Canada,,M5V,M5V,M5V,M5V
1,1,0,235 Bloor Street East, Toronto, O, M4W 3Y3,,, l4n6e1, l4n,,l4n
1,1,0,3600 Highway 7, L4L 0G7, Vaughan, L4L 0G7,,, M5T 0A9, M5T,,M5T
1,1,1,, Markham L6G1B3 O, Canada,L6G,,, L5A 3K7, L5A,,L5A
1,1,0,89 McGill Street, Toronto, O, M5B 0B1,,, L6X 1H1, L6X,,L6X
1,1,0,10 Park Lawn Rd., M8Y 3K4, Etobicoke, M8Y 3K4,,, M5v2g4, M5v,,M5v
2,2,0,77 Carlton St, Toronto, O, M5B 2J7, Canada,, M5V 0, M5V,,M5V
1,1,0,75 Portland St, Toronto, O, M5V 2M9, Canada,,M1G,M1G,M1G,M1G
1,1,0,6 Bralorne Crescent, M6S4R2, toronto, M6S4R2,,, M5V1B5, M5V,,M5V
1,1,0,, M5b2e8, Toronto, M5b2e8,,, M6K 2W8, M6K,,M6K
2,2,0,2910 Hwy 7, Concord, O, L4K 2M7, Canada,, M6K 2W8, M6K,,M6K
1,1,1,5 Mariner Terr, Toronto M5V 3V6 O,,M5V,,,M5B,M5B,M5B,M5B
1,1,1,120 Bayview Ave., l4n6e1, Toronto, l4n6e1,,, L7S1Z5, L7S,,L7S
1,1,1,210 Simcoe St, Toronto, O, M5T 0A9, Canada,, M6K1C5, M6K,,M6K
2,1,0,620 Lolita Gardens, Mississauga, O, L5A 3K7,,,M8W,M8W,M8W,M8W
2,1,0,125 Railroad St, Brampton, O, L6X 1H1,,,M4Y,M4Y,M4Y,M4Y
1,1,0,87 Peter st, M5v2g4, Downtown Toronto, M5v2g4,,, M5S 2S5, M5S,,M5S
1,2,0,525 Adelaide Street West, Toronto, O, M5V 0,7,, L7R 2C8, L7R,,L7R
1,1,1,m1g2a8, Canada,,M1G,,, M5V 0P1, M5V,,M5V
3,2,0,620 Lolita Gardens, Mississauga, O, L5A 3K7,,, M5J 3A4, M5J,,M5J
3,2,0,M5V1Z5, Canada,,,,,M5V,M5V,M5V,M5V
1,1,0,352 Front St W, M5V1B5, TORO, M5V1B5, O,, M6G1S2, M6G,,M6G
2,1,0,90 Jameson Avenue, Toronto, O, M6K 2W8,,, M5J 2Z3, M5J,,M5J
1,1,0,169 Jameson Avenue, Toronto, O, M6K 2W8,,, M6B 3A8, M6B,,M6B
1,1,0,, toronto M5B 1Z8 O, Canada,M5B,,, M5V0C4, M5V,,M5V
2,2,0,1201,orth Shore Blvd East, L7S1Z5, L7S1Z5, O,,M5V,M5V,M5V,M5V
2,2,0,14 Thorburn, M6K1C5, Toronto, M6K1C5,,,M5V,M5V,M5V,M5V
1,1,0,, Toronto M8W 3J1 O, Canada,M8W,,, M5A 2B7, M5A,,M5A
1,1,0,, Between YongeBloor, ChurchWellesley M4Y 2L2 O,M4Y,,, M5V 1K1, M5V,,M5V
1,1,0,409 Huron St, Toronto, O, M5S 2S5, Canada,, L6G 0E1, L6G,,L6G
2,2,0,2089 Fairview St, Burlington, O, L7R 2C8, Canada,, M4Y 1W9, M4Y,,M4Y
1,1,0,87 Peter St, Toronto, O, M5V 0P1, Canada,, M5J 1B7, M5J,,M5J
2,2,0,30 Grand Trunk Crescent, Toronto, O, M5J 3A4, Canada,, M5V 4A9 O, M5V,,M5V
1,1,0,, Toronto M5V1K4 O, Canada,M5V,,, M4Y 1W4, M4Y,,M4Y
1,1,0,, M6G1S2, Downtown Toronto (Christie/Bloor), M6G1S2,,, M4Y 1M3, M4Y,,M4Y
1,1,0,33 Bay St, Toronto, O, M5J 2Z3, Canada,, M5J 2Y7, M5J,,M5J
1,1,0,2895 Bathurst Street, Toronto, O, M6B 3A8,,, M6R 0A7, M6R,,M6R
2,2,0,8 Mercer Street, M5V0C4, Toronto, M5V0C4,,, M5V 3H9, M5V,,M5V
1,1,1,M5V3S2, Canada,,M5V,,, M5V 3H9, M5V,,M5V
3,1,0,, L2E3R4, ,iagara, O,, M6B 2A4, M6B,,M6B
1,1,0,, Toronto M5V3P6 O, Canada,M5V,,, M5G 2G4, M5G,,M5G
2,2,0,55 Regent Park Blvd, Toronto, O, M5A 2B7, Canada,, M5V 3X4, M5V,,M5V
2,1,0,375 King St W, Toronto, O, M5V 1K1, Canada,,M5V,M5V,M5V,M5V
2,2,0,3601 Highway 7 E, L6G 0E1, Markham, L6G 0E1,,, M5S 3K4, M5S,,M5S
1,1,0,454 Yonge Street, M4Y 1W9, Toronto, M4Y 1W9,,, L3R 9W1, L3R,,L3R
1,1,0,100 Harbour St, Toronto, O, M5J 1B7, Canada,, L5M 0P4, L5M,,L5M
1,2,0,, DOW,TOW, M5V 4A9 O, Canada,,M5J,M5J,M5J,M5J
1,1,0,21 Balmuto St, Toronto, O, M4Y 1W4, Canada,, L5M 0P4, L5M,,L5M
1,1,0,40 Earl St, Toronto, O, M4Y 1M3, Canada,, M6K 0A3, M6K,,M6K
1,1,0,230 Queens Quay West, Toronto, O, M5J 2Y7,,, L3R 9W1, L3R,,L3R
1,1,1,38 Howard Park Ave, Toronto, O, M6R 0A7, Canada,, M6K 2Z6, M6K,,M6K
2,2,0,21,elson St, Toronto, M5V 3H9, M5V 3H9, Canada, M5J 2Z2, M5J,,M5J
2,2,0,21,elson St, Toronto, M5V 3H9, M5V 3H9, Canada,L9V,L9V,L9V,L9V
1,1,0,845 Glencairn Ave, ,orth York, M6B 2A4, M6B 2A4, Canada, M5V 1L7, M5V,,M5V
1,1,1,633 Bay St, Toronto, O, M5G 2G4, Canada,, M8Y 3A9, M8Y,,M8Y
3,2,0,25 Lower Simcoe St, Toronto, O, M5J 3A1, Canada,, M5T 0A9, M5T,,M5T
1,1,1,, M5V 3X4, Toronto, M5V 3X4,,, M5A1P9, M5A,,M5A
2,1.5,0,M5V3X1, Canada,,M5V,,, M9C 2A8, M9C,,M9C
1,1,1,, M5S 3K4, Toronto, M5S 3K4,,, M5H 0B1, M5H,,M5H
2,2,0,8200 Birchmount Rd, Markham, O, L3R 9W1, Canada,, M9B 0C3, M9B,,M9B
1,1,0,Boxford Cres, Mississauga, O, L5M 0P4, Canada,, M5A 0G4, M5A,,M5A
2,2,0,M5J2Z2, Canada,,M5J,,, L1, L1,,L1
1,1,0,Boxford Cres, Mississauga, O, L5M 0P4, Canada,, L4A 2S5, L4A,,L4A
1,1,1,20 Joe Shuster Way, Toronto, O, M6K 0A3, Canada,, M5J 3A3, M5J,,M5J
1,1,0,8200 Birchmount Rd #316, Markham, O, L3R 9W1, Canada,, M6J 1M3, M6J,,M6J
1,1,0,200 Jameson Avenue, Toronto, O, M6K 2Z6,,, M4Y 2J3, M4Y,,M4Y
1,1,0,12 York St, Toronto, O, M5J 2Z2, Canada,, M5V 1A8, M5V,,M5V
1,1,1,, Shelburne L9V3L7 O, Canada,L9V,,,M6K,M6K,M6K,M6K
1,1,0,480 King St W, Toronto, O, M5V 1L7, Canada,,M5V,M5V,M5V,M5V
1,1,0,37 Penhurst Ave, Etobicoke, O, M8Y 3A9, Canada,, M6H 4K5, M6H,,M6H
1,1,1,210 Simcoe St, Toronto, O, M5T 0A9, Canada,, M5T 1V7, M5T,,M5T
1,1,1,320 Richmond street east, M5A1P9, Toronto, M5A1P9,,, L1G 4R8, L1G,,L1G
2,2,0,Eva Rd, Etobicoke, O, M9C 2A8,,, M5T 1V7, M5T,,M5T
2,2,0,70 Temperance St, Toronto, O, M5H 0B1, Canada,,M3,M3,M3,M3
1,1,1,20 THOMAS RILEY, M9B 0C3, Toronto, M9B 0C3,,, M5E 0A6, M5E,,M5E
1,1,0,120 Bayview Ave, Toronto, O, M5A 0G4, Canada,, L1A 1, L1A,,L1A
2,1,0,Dunlop St E, Whitby, O, L1, Canada,, M5S 0C5, M5S,,M5S
1,1,1,6210 Main Street, L4A 2S5, Main Street Stouffville, L4A 2S5,,,M5S,M5S,M5S,M5S
1,1,1,19 Grand Trunk Crescent, Toronto, O, M5J 3A3, Canada,,L7S,L7S,L7S,L7S
1,1,0,20 Minowan Miikan Lane, Toronto, O, M6J 1M3, Canada,,M5T,M5T,M5T,M5T
1,1,0,120 Homewood Ave, Toronto, O, M4Y 2J3,,, M5V 2G3, M5V,,M5V
3,2,0,89 McGill Street, Toronto, O, M5B 0B1,,, M5J1B7, M5J,,M5J
1,1,0,628 Fleet St, Toronto, O, M5V 1A8, Canada,, M3J 0G7, M3J,,M3J
1,1,0,, Toronto M6K 1X1 O, Canada,M6K,,, M5J 3A3, M5J,,M5J
2,1,0,, Toronto  M5V3Z9 O, Canada,M5V,,, L1C 5A1, L1C,,L1C
2,1,0,812 Lansdowne Ave, Toronto, O, M6H 4K5, Canada,, M5A 0E3, M5A,,M5A
1,1,0,49 McCaul St, Toronto, O, M5T 1V7, Canada,, M4Y 2H9, M4Y,,M4Y
2,1,0,8 Simcoe St , Oshawa, O, L1G 4R8, Canada,, M5A 1, M5A,,M5A
1,1,0,49 McCaul St, Toronto, O, M5T 1V7, Canada,, M8V 4E9, M8V,,M8V
2,1.5,0,, ,A M3,M3, Canada,, M5V 0P1, M5V,,M5V
1,1,0,8 The Esplanade, Toronto, O, M5E 0A6, Canada,, M4Y, M4Y,,M4Y
1,1,1,, L1A 1,2, L1A 1, O, Canada, M4Y, M4Y,,M4Y
1,1,1,57 St Joseph St, Toronto, O, M5S 0C5, Canada,, M5V 3W5, M5V,,M5V
1,1,0,, Toronto m5s1x6 O, Canada,M5S,,, M5E 0A8, M5E,,M5E
2,1,0,, Burlington L7S1H7 O,,L7S,,, L5B 0C1, L5B,,L5B
1,1,0,, Toronto M5T2X5 O, Canada,M5T,,,M5S,M5S,M5S,M5S
1,1,0,80 Blue Jays Way, Toronto, O, M5V 2G3, Canada,, M6K 0A2, M6K,,M6K
1,1,0,100 Harbour Street, M5J1B7, Toronto, M5J1B7,,, K9A 1K7, K9A,,K9A
1,1,1,1060 Sheppard Ave W, Toronto, O, M3J 0G7, Canada,, M5V 3W9, M5V,,M5V
2,2,0,19 Grand Trunk Crescent, Toronto, O, M5J 3A3, Canada,, L6G 0B8, L6G,,L6G
2,2,0,95 Wellington St, Bowmanville, O, L1C 5A1, Canada,, M6K 1R8, M6K,,M6K
1,2,0,70 Distillery Lane, Toronto, O, M5A 0E3, Canada,, M5R 3L8, M5R,,M5R
1,1,0,550 Jarvis Street Jarvis, Toronto, O, M4Y 2H9,,, M5S 2R3, M5S,,M5S
3,2,0,Salvador Allende Ct, Toronto, O, M6G 0A3,,,M5R,M5R,M5R,M5R
1,1,1,460 Adelaide St E, Toronto, O, M5A 1,4, Canada, M4Y 0A5, M4Y,,M4Y
1,2,1,2121 Lake Shore Blvd W, Etobicoke, O, M8V 4E9, Canada,, M5V 3Y3, M5V,,M5V
1,1,0,87 Peter St, Toronto, O, M5V 0P1, Canada,, M6J 0B8, M6J,,M6J
1,1,0,28 Wellesley St E, Toronto, O, M4Y, Canada,, M5A 2V6, M5A,,M5A
1,1,0,28 Wellesley St E, Toronto, O, M4Y, Canada,, M5V 4A5, M5V,,M5V
2,2,0,90 Stadium Rd, Toronto, O, M5V 3W5, Canada,, M5H 0B1, M5H,,M5H
2,2,0,1 The Esplanade, Toronto, O, M5E 0A8, Canada,, M5V 1C1, M5V,,M5V
1,1,1,3525 Kariya Dr, Mississauga, O, L5B 0C1, Canada,, M5V 1B7, M5V,,M5V
1,1,0,, Toronto m5s 2z1 O, Canada,M5S,,,M5V,M5V,M5V,M5V
1,1,0,75 E Liberty St, Toronto, O, M6K 0A2, Canada,, M9A 4X6, M9A,,M9A
1,1,0,20 King St E, Cobourg, O, K9A 1K7, Canada,,M4E,M4E,M4E,M4E
1,1,0,350 Wellington St W, Toronto, O, M5V 3W9, Canada,,M4Y,M4Y,M4Y,M4Y
2,2,0,39 Upper Duke Crescent, Unionville, O, L6G 0B8, Canada,, M5B 1H5, M5B,,M5B
2,1,0,23 Wyndham St, Toronto, O, M6K 1R8, Canada,, M5G 1X5, M5G,,M5G
1,1,0,250 St. George St, Toronto, O, M5R 3L8,,, M5V 3Y3, M5V,,M5V
1,1,0,664 Bathurst St, Toronto, O, M5S 2R3, Canada,, M3C 2J7, M3C,,M3C
1,1,0,, Toronto m5r 3j2 O, Canada,M5R,,, M5J2Y5, M5J,,M5J
1,1,0,75 St ,icholas St, Toronto, M4Y 0A5, M4Y 0A5, Canada, M5J 2Y2, M5J,,M5J
1,1,0,11 Brunel Ct, Toronto, O, M5V 3Y3, Canada,, M5J 2Z2, M5J,,M5J
2,1,0,45 Lisgar St, Toronto, O, M6J 0B8, Canada,, L1J 4A3, L1J,,L1J
1,1,0,269 Ontario St, Toronto, O, M5A 2V6, Canada,, M5V 0J9, M5V,,M5V
1,1,1,15 Iceboat Terr, Toronto, O, M5V 4A5, Canada,, M5J 1B7, M5J,,M5J
1,1,0,70 Temperance St, Toronto, O, M5H 0B1, Canada,, M5H 1A1, M5H,,M5H
1,1,0,560 Front St W, Toronto, O, M5V 1C1, Canada,, M6J 3S8, M6J,,M6J
2,2,0,600 Fleet St, Toronto, O, M5V 1B7, Canada,, M4W 2J1, M4W,,M4W
1,1,1,, Toronto m5v1y9 O, Canada,M5V,,,M6K,M6K,M6K,M6K
1,1.5,0,50 Cordova Avenue, Etobicoke, O, M9A 4X6,,, L6K 3B8, L6K,,L6K
1,1,0,, toronto M4E1S5 O, Canada,M4E,,, M5V2G4 O, M5V,,M5V
2,2,0,, Yonge and Maitland M4y3b5  O, Canada,M4Y,,,M2,M2,M2,M2
2,1,0,99 McGill St, Toronto, O, M5B 1H5, Canada,, M4Y 1M8, M4Y,,M4Y
1,1,0,600 University Ave, Toronto, O, M5G 1X5, Canada,, M4Y 1M8, M4Y,,M4Y
1,1,0,11 Brunel Ct, Toronto, O, M5V 3Y3, Canada,, L6K 3T1, L6K,,L6K
3,1,0,, m5t2m5, Toronto, O, Canada,, M8V 4E9, M8V,,M8V
3,2,0,14 York St, Toronto, O, M5J 0B1, Canada,, L6G 1B3, L6G,,L6G
2,2,0,1103 Leslie St, ,orth York, M3C 2J7, M3C 2J7, Canada, L6G 0G4, L6G,,L6G
1,1,0,Toronto, O, Canada, M5J2Y5,,,M5V,M5V,M5V,M5V
2,2,0,8 York St, Toronto, O, M5J 2Y2, Canada,,M5V,M5V,M5V,M5V
1,1,1,12 York St, Toronto, O, M5J 2Z2, Canada,, M5J 2L9, M5J,,M5J
2,1,0,51,assau Street, L1J 4A3, L1J 4A3, O,, M5J 1B7, M5J,,M5J
1,1,0,85 Queens Wharf Rd, Toronto, O, M5V 0J9, Canada,, M5V 2P9, M5V,,M5V
3,3,0,, M4R1V2, Toronto, O,,, M4Y 1T1, M4Y,,M4Y
2,2,0,100 Harbour St, Toronto, O, M5J 1B7, Canada,,M1T,M1T,M1T,M1T
1,1,0,1 King St W, Toronto, O, M5H 1A1, Canada,, M5G1S9, M5G,,M5G
2,1,0,150 Sudbury St, Toronto, O, M6J 3S8, Canada,, M5C 3H6, M5C,,M5C
1,1,0,18 Yorkville Ave, Toronto, O, M4W 2J1, Canada,, L4C 2E8, L4C,,L4C
1,1,0,91,140,146 Jameson Avenue,M6K, O, M6K 2W8,M5V,M5V,M5V,M5V
2,1,0,378 Kerr St, Oakville, O, L6K 3B8, Canada,, M6K 2Z6, M6K,,M6K
2,2,0,, DOW,TOW, M5V2G4 O, Canada,, M5V 3H9, M5V,,M5V
2,2,0,, ,ORTH YORK M2,M2, Canada,, M5E 0A4, M5E,,M5E
1,1,0,55 Isabella St, Toronto, O, M4Y 1M8, Canada,, M5E 0A6, M5E,,M5E
2,1,0,55 Isabella St, Toronto, O, M4Y 1M8, Canada,, M5V 0P1, M5V,,M5V
2,2,0,, L6K 3T1, Oakville, L6K 3T1, Canada,, M6K 1X8, M6K,,M6K
1,2,1,2121 Lake Shore Blvd W, Etobicoke, O, M8V 4E9, Canada,, M5A1, M5A,,M5A
1,1,0,180 Enterprise Blvd, Markham, O, L6G 1B3,,, M6J 0B1, M6J,,M6J
2,2,0,180 Enterprise Blvd, Markham, O, L6G 0G4,,, M6J 0B1, M6J,,M6J
1,1,1,, Toronto M5V 1J9 O, Canada,M5V,,,M5B,M5B,M5B,M5B
1,1,0,, Toronto M5V 1J9 O, Canada,M5V,,,M5M,M5M,M5M,M5M
1,1,0,10 York St, Toronto, O, M5J 2L9, Canada,, M8Y 0B3, M8Y,,M8Y
1,1,1,100 Harbour St, Toronto, O, M5J 1B7, Canada,,L1H,L1H,L1H,L1H
1,1,0,Six50 King - Bathurst Tower, 95 Bathurst St, Toronto, M5V 2P9, M5V 2P9, Canada, M5S 0A6, M5S,,M5S
1,1,0,42 Charles St E, Toronto, O, M4Y 1T1, Canada,, K9A 1K6, K9A,,K9A
2,2,0,, Toronto M1T 1a8 O, Canada,M1T,,, M5V 0J9, M5V,,M5V
1,1,0,426 University ave, M5G1S9, TORO, M5G1S9, O,, L4Z 0A8, L4Z,,L4Z
1,1,0,Richmond St E, Toronto, O, M5C 3H6, Canada,, M5V 0E6, M5V,,M5V
1,1,0,Sussex Ave, Richmond Hill, O, L4C 2E8, Canada,, M5B 1Y6, M5B,,M5B
2,2,0,, Toronto m5v3m8 O, Canada,M5V,,, M5A 2M5, M5A,,M5A
1,1,0,200 Jameson Avenue, Toronto, O, M6K 2Z6,,, M5V 3S2, M5V,,M5V
2,2,0,21,elson St, Toronto, M5V 3H9, M5V 3H9, Canada, M6J 1M3, M6J,,M6J
1,1,0,29 Queens Quay E, Toronto, O, M5E 0A4, Canada,, M8V 4E9, M8V,,M8V
1,1,0,8 The Esplanade, Toronto, O, M5E 0A6, Canada,, L7J 1G8, L7J,,L7J
1,1,1,87 Peter St, Toronto, O, M5V 0P1, Canada,, M6K, M6K,,M6K
2,2,0,20 Atlantic Ave, Toronto, O, M6K 1X8, Canada,, M5V 0G8, M5V,,M5V
2,2,0,460 Adelaide St East, M5A1,6, M5A1, O,, L6G 0C5, L6G,,L6G
1,1,1,68 Abell St, Toronto, O, M6J 0B1, Canada,, M5E 0A6, M5E,,M5E
1,1,1,68 Abell St, Toronto, O, M6J 0B1, Canada,, M9A 4X6, M9A,,M9A
2,1,0,, Toronto M5B 2K3 O, Canada,M5B,,,M5A,M5A,M5A,M5A
1,1,0,1190 Dundas Street East, Toronto M4M0C5 O,,M5M,,, M5J 0C3, M5J,,M5J
1,1,1,165 Legion Rd , Etobicoke, O, M8Y 0B3, Canada,,M4V,M4V,M4V,M4V
2,1,0,L1H, Canada,,L1H,,,M5V,M5V,M5V,M5V
2,1,0,65 St Mary St, Toronto, O, M5S 0A6, Canada,,M5V,M5V,M5V,M5V
2,2,0,19 Swayne St, Cobourg, O, K9A 1K6, Canada,, M5V 0G6, M5V,,M5V
1,1,0,85 Queen's Wharf Rd, Toronto, O, M5V 0J9, Canada,, M5A 1, M5A,,M5A
2,2,0,50 Absolute Ave, Mississauga, O, L4Z 0A8, Canada,, M5G1R7, M5G,,M5G
1,1,0,170 Fort York Blvd, Toronto, O, M5V 0E6, Canada,,M9C,M9C,M9C,M9C
1,1,0,167 Church Street, Toronto, O, M5B 1Y6,,, L1G 3T3, L1G,,L1G
3,1,0,295 Dufferin St., Toronto, O, M6K 1Z6,,,M2G,M2G,M2G,M2G
1,1,0,112 George Street, M5A 2M5, Toronto, M5A 2M5,,, M4W 3G9, M4W,,M4W
1,1,1,81,avy Wharf Ct, Toronto, M5V 3S2, M5V 3S2, Canada, M5H 3G4, M5H,,M5H
2,2,0,11 Peel Ave, Toronto, O, M6J 1M3, Canada,, M5B 2E8, M5B,,M5B
1,2,1,2121 Lake Shore Blvd W, Etobicoke, O, M8V 4E9, Canada,, m4y 2k2, m4y,,m4y
1,1,0,17 Mill St E, Acton, O, L7J 1G8, Canada,, M5S 2A2, M5S,,M5S
2,1,0,65 E Liberty St, Toronto, O, M6K, Canada,, M5V 2Z7, M5V,,M5V
1,1,0,20 Bruyeres Mews, Toronto, O, M5V 0G8, Canada,, M5B 1Y4, M5B,,M5B
1,1,1,60 S Town Centre Blvd, Markham, O, L6G 0C5, Canada,, M5V 0P1, M5V,,M5V
1,1,1,8 The Esplanade 3003 Suite 3003, Toronto, O, M5E 0A6, Canada,, M5V 0C4, M5V,,M5V
1,1,0,50 Cordova Avenue, Etobicoke, O, M9A 4X6,,, M6J 1M3, M6J,,M6J
2,2,0,170 Bayview Avenue, Toronto M5A 0M4 O,,M5A,,, M6J 0B1, M6J,,M6J
1,1,0,88 Harbour St., M5J 0C3, Toronto, M5J 0C3,,, M6J 0B1, M6J,,M6J
1,1,0,, Toronro M4V 1,5 O,M4V,,, L1G 0A2, L1G,,L1G
1,1,0,Downtown, Toronto M5V1K1 O, Canada,M5V,,, M6J 1M3, M6J,,M6J
2,2,0,Downtown, Toronto M5V1K1 O, Canada,M5V,,, M6K 3E7, M6K,,M6K
1,1,0,101 Peter St, Toronto, O, M5V 0G6, Canada,, M5V 3H9, M5V,,M5V
2,2,0,460 Adelaide St E, Toronto, O, M5A 1,4, Canada, L4K 0G3, L4K,,L4K
1,1,0,Toronto, O, M5G1R7, M5G1R7,,, M5R 1A9, M5R,,M5R
1,1,1,215 Sherway Gardens Rd, Etobicoke M9C 0A4 O,,M9C,,, M5H 4C9, M5H,,M5H
2,1,0,Taunton Rd W, Oshawa, O, L1G 3T3, Canada,, M5A 1, M5A,,M5A
1,1,0,, Whitby L1m2g9 O, Canada,M2G,,, M5A 4S8, M5A,,M5A
1,1,0,88 Bloor Street East, Toronto, O, M4W 3G9,,, M5V 4B3, M5V,,M5V
1,1,0,144 Simcoe St, Toronto, O, M5H 3G4, Canada,, M4Y 3B2, M4Y,,M4Y
1,1,0,, M5B 2E8, Toronto, M5B 2E8,,, M5E 0A8, M5E,,M5E
1,1,0,40 Homewood Ave, m4y 2k2, Toronto, m4y 2k2,,, M6G 3V1, M6G,,M6G
1,1,0,955 Bay St, Toronto, O, M5S 2A2, Canada,, M5E 1Z9, M5E,,M5E
1,1,0,99 Stadium Rd, Toronto, O, M5V 2Z7, Canada,, M5V 0H5, M5V,,M5V
2,2,0,68 Shuter St, Toronto, O, M5B 1Y4, Canada,, M2K 0B9, M2K,,M2K
1,1,0,87 Peter St, Toronto, O, M5V 0P1, Canada,, M5A 1, M5A,,M5A
1,1,0,8 Mercer St, Toronto, O, M5V 0C4, Canada,, M5G 2K2, M5G,,M5G
1,1,0,20 Minowan Miikan Lane, Toronto, O, M6J 1M3, Canada,, M4S 2Y9, M4S,,M4S
1,1,0,68 Abell St, Toronto, O, M6J 0B1, Canada,, M4Y 1, M4Y,,M4Y
2,2,0,68 Abell St, Toronto, O, M6J 0B1, Canada,, L7S 1X6, L7S,,L7S
3,1,0,89 Concession St, ,ewmarket, O, L3Y 3W4, Canada, M5B 1H3, M5B,,M5B
2,2,0,100 Bond St E, Oshawa, O, L1G 0A2, Canada,, M5V 3A7, M5V,,M5V
1,1,0,20 Minowan Miikan Lane, Toronto, O, M6J 1M3, Canada,, M8V 0A5, M8V,,M8V
2,2,0,1 Atlantic Ave, Toronto, O, M6K 3E7, Canada,,M1,M1,M1,M1
1,1,0,21,elson St, Toronto, M5V 3H9, M5V 3H9, Canada, M5V 0G8, M5V,,M5V
1,1,1,2900 Highway 7 Ave W, Vaughan, O, L4K 0G3,,, M5H4E8, M5H,,M5H
1,1,0,25 Bedford Rd., Toronto, O, M5R 1A9,,, L5B 3R2, L5B,,L5B
2,2,0,168 Simcoe St, Toronto, O, M5H 4C9, Canada,, L7R 1Y9, L7R,,L7R
1,1,0,460 Adelaide St E, Toronto, O, M5A 1,4, Canada, L7S 1S2, L7S,,L7S
2,2,0,323 Richmond St E, Toronto, O, M5A 4S8, Canada,, M5V 3, M5V,,M5V
1,2,0,10 Capreol Court  Unit # 321, M5V 4B3, Toronto, M5V 4B3,,,M5V,M5V,M5V,M5V
1,1,0,8 Wellesley St E, Toronto, O, M4Y 3B2, Canada,, L5B 3R2, L5B,,L5B
1,1,0,1 The Esplanade, Toronto, O, M5E 0A8, Canada,, M5V 0L4, M5V,,M5V
2,1,0,902 Ossington Ave, Toronto, O, M6G 3V1, Canada,, M5J 0C3, M5J,,M5J
1,1,0,12 Yonge St, Toronto, O, M5E 1Z9, Canada,, M4E 3M6, M4E,,M4E
1,1,0,126 Simcoe St, Toronto, O, M5V 0H5, Canada,, L4L 1H7, L4L,,L4L
2,2,0,17 Kenaston Gardens, ,orth York, M2K 0B9, M2K 0B9, Canada, L3Z 2S9, L3Z,,L3Z
1,1,1,424 Adelaide St E, Toronto, O, M5A 1,4, Canada, M5V 3K9, M5V,,M5V
2,2,0,44 Gerrard St W, Toronto, O, M5G 2K2, Canada,, M5C 2G8, M5C,,M5C
1,1,0,33 Davisville Avenue, Toronto, O, M4S 2Y9,,, M4Y 1K3, M4Y,,M4Y
1,1,0,88 Isabella Street, Toronto, O, M4Y 1,4,, K9A 3M1, K9A,,K9A
1,1,0,505 Locust Street, Burlington, O, L7S 1X6,,, M5B 1W1, M5B,,M5B
1,1,0,89 McGill St, Toronto, O, M5B 1H3, Canada,, M6K 2Y1, M6K,,M6K
1,1,1,270 Queens Quay W, Toronto, O, M5V 3A7, Canada,, M5G 2K2, M5G,,M5G
2,2,0,16 Brookers Ln, Etobicoke, O, M8V 0A5, Canada,, M5V 3S2, M5V,,M5V
1,1,1,M1, Canada,,M1,,, M4X 1L1, M4X,,M4X
2,2,0,20 Bruyeres Mews, Toronto, O, M5V 0G8, Canada,, M5G 0A6, M5G,,M5G
2,2,0,70 Temperance St, M5H4E8, Toronto, M5H4E8,,, M5A 4M7, M5A,,M5A
1,1,0,Burnhamthorpe Rd W, Mississauga, O, L5B 3R2, Canada,,M4Y,M4Y,M4Y,M4Y
1,1,0,2050 Prospect St, Burlington, O, L7R 1Y9, Canada,, M5E 1Z8, M5E,,M5E
2,1,0,700 Ross st, L7S 1S2, Burlington, L7S 1S2,,, M5C, M5C,,M5C
1,1,0,29 Camden St #602, Toronto, O, M5V 3,3, Canada, M4Y 1V2, M4Y,,M4Y
1,1,0,, Toronto M5V0P3 O, Canada,M5V,,, L7S 1E2, L7S,,L7S
1,1,1,Burnhamthorpe Rd W, Mississauga, O, L5B 3R2, Canada,, L5B 0J7, L5B,,L5B
1,1,1,295 Adelaide St W, Toronto, O, M5V 0L4, Canada,, L7S 1W8, L7S,,L7S
1,1,0,88 Harbour St, Toronto, O, M5J 0C3, Canada,, L7R 4J9, L7R,,L7R
1,1,0,146 Scarborough Rd, Toronto, O, M4E 3M6, Canada,, M5V 4A9, M5V,,M5V
1,2,1,4800 Hwy 7, Woodbridge, O, L4L 1H7, Canada,, M5H 0A3, M5H,,M5H
1,1,0,3 Magani Ave, Bradford, O, L3Z 2S9, Canada,, M5H 0A2, M5H,,M5H
1,1,0,250 Fort York Blvd, Toronto, O, M5V 3K9, Canada,,M4C,M4C,M4C,M4C
1,1,0,120 Church St, Toronto, O, M5C 2G8, Canada,, M5V 1P6, M5V,,M5V
1,1,0,17 Dundonald St, Toronto, O, M4Y 1K3, Canada,, L6G 0E4, L6G,,L6G
2,1,0,332 George St, Cobourg, O, K9A 3M1, Canada,, L1H 3, L1H,,L1H
1,1,0,365 Victoria St, Toronto, O, M5B 1W1, Canada,, M5E 1Z8, M5E,,M5E
1,1,0,120 Jameson Ave, Toronto, O, M6K 2Y1, Canada,, M5E 1X6, M5E,,M5E
3,3,0,1353 Davenport Rd, Toronto, O, M6H 2H5, Canada,, M5J 0A6, M5J,,M5J
2,2,0,386 Yonge St, Toronto, O, M5G 2K2, Canada,, M5J 3A4, M5J,,M5J
1,1,1,81,avy Wharf Ct, Toronto, M5V 3S2, M5V 3S2, Canada, L3R, L3R,,L3R
1,1,0,500 Sherbourne St, Toronto, O, M4X 1L1, Canada,,M5J,M5J,M5J,M5J
2,2,0,770 Bay St, Toronto, O, M5G 0A6, Canada,, M5J2Z2, M5J,,M5J
2,2,0,25 Cole St, Toronto, O, M5A 4M7, Canada,, M5V 1M5, M5V,,M5V
1,1,0,101 charles St E, TORO,TO M4Y0A9 O,M4Y,,, K9A 2, K9A,,K9A
2,2,0,18 Yonge St, Toronto, O, M5E 1Z8, Canada,, L6J 3, L6J,,L6J
2,2,0,37 King St E, Toronto, O, M5C, Canada,, K0K 1S0, K0K,,K0K
2,2,0,101 Charles St, Toronto, O, M4Y 1V2,,, M4Y 1K4, M4Y,,M4Y
2,1,0,1275 Elgin Street, Burlington, O, L7S 1E2,,, M5V 0P1, M5V,,M5V
1,1,1,4011 Brickstone Mews, Mississauga, O, L5B 0J7, Canada,, M5B 2R3, M5B,,M5B
2,2,0,1460 Ghent Ave, Burlington, O, L7S 1W8, Canada,,M5V,M5V,M5V,M5V
1,1,0,2210 Lakeshore Rd, Burlington, O, L7R 4J9, Canada,, M5V 0J2, M5V,,M5V
1,1,1,21 Iceboat Terr, Toronto, O, M5V 4A9, Canada,,M5V,M5V,M5V,M5V
1,1,0,180 university Ave, M5H 0A3, TORO, M5H 0A3, O,, M4Y 1, M4Y,,M4Y
2,3,0,180 University Ave, Toronto, O, M5H 0A2, Canada,, L7R 1A5, L7R,,L7R
1,1,0,, Toronto M4C 5,3 O,M4C,,,M5H,M5H,M5H,M5H
1,1,1,290 Adelaide St W, Toronto, O, M5V 1P6, Canada,,M6H,M6H,M6H,M6H
1,1,1,8130 Birchmount Rd, Markham, O, L6G 0E4, Canada,, M5, M5,,M5
2,1,0,560 Bloor St E, Oshawa, O, L1H 3,2, Canada, M8V1A1, M8V,,M8V
1,1,0,18 Yonge St, Toronto, O, M5E 1Z8, Canada,,M6K,M6K,M6K,M6K
1,1,1,88 Scott St, Toronto, O, M5E 1X6, Canada,, M5V 0G9, M5V,,M5V
3,1,0,2386,ew Street, Burlington, O, L7R 1J7,, M5V 0P1, M5V,,M5V
1,1,0,55 Bremner Blvd, Toronto, O, M5J 0A6, Canada,, M5V 4B3, M5V,,M5V
2,2,0,30 Grand Trunk Crescent, Toronto, O, M5J 3A4, Canada,,L4C,L4C,L4C,L4C
2,2,0,Water Walk Dr, Markham, O, L3R, Canada,, M5V 3Z5, M5V,,M5V
1,1,0,, Toronto M5J 2L7 O, Canada,M5J,,,L6A,L6A,L6A,L6A
1,1,0,14 York St, M5J2Z2, Toronto, M5J2Z2,,, M5V 0G6, M5V,,M5V
2,2,0,625 King St W, Toronto, O, M5V 1M5, Canada,, M6K 0B3, M6K,,M6K
3,2.5,0,373 D'Arcy St, Cobourg, O, K9A 4A6, Canada,,M5A,M5A,M5A,M5A
1,1,0,285 King St W, Cobourg, O, K9A 2,4, Canada,M5A,M5A,M5A,M5A
2,2,0,121 Allan St, Oakville, O, L6J 3,3, Canada, L6X 1H1, L6X,,L6X
1,1,0,26 Victoria Square, Colborne, O, K0K 1S0, Canada,, M5V 3V2, M5V,,M5V
1,1,0,15 Dundonald St, Toronto, O, M4Y 1K4, Canada,, M5J 2Z2, M5J,,M5J
1,1,1,87 Peter St, Toronto, O, M5V 0P1, Canada,, M4X 1W7, M4X,,M4X
3,2,0,l6x1k5, Canada,,,,, M5J 2Z2, M5J,,M5J
2,3,0,210 Victoria St #400, Toronto, O, M5B 2R3, Canada,, M4Y 1K3, M4Y,,M4Y
1,1,0,154 Bathurst, Toronto M5V 2R3 O,,M5V,,, M5A 1, M5A,,M5A
3,1,0,89 McGill Street, Toronto, O, M5B 0B1,,, M5J 0B1, M5J,,M5J
2,1,0,70 Queens Wharf Rd, Toronto, O, M5V 0J2, Canada,,M8V,M8V,M8V,M8V
1,1,0,, Toronto M5V3P5 O, Canada,M5V,,, M5A 1, M5A,,M5A
1,1,0,89  Isabella Street, Toronto, O, M4Y 1,8,,M5V,M5V,M5V,M5V
1,1,0,2170 Lakeshore Road, Burlington, O, L7R 1A5,,, M5V 4A2, M5V,,M5V
2,1,0,, Toronto M5H 2,2 O,M5H,,, M8V 1A1, M8V,,M8V
1,1,0,, Toronto M6h 2z5 O, Canada,M6H,,,M5V,M5V,M5V,M5V
1,1,0,, M5,1z1, M5, O,,M5T,M5T,M5T,M5T
1,1,0,60 Annie Craig, M8V1A1, Toronto, M8V1A1,,,L6X,L6X,L6X,L6X
1,1,1,1030 King Street west, toronto M6K 0B4 O,,M6K,,, M5V 3W6, M5V,,M5V
1,1,0,629 King St W, Toronto, O, M5V 0G9, Canada,,L3P1,L3P1,L3P1,L3P1
1,1,1,87 Peter St, Toronto, O, M5V 0P1, Canada,, M5A 0G4, M5A,,M5A
1,1,0,10 Capreol Ct, Toronto, O, M5V 4B3, Canada,, M4Y 2K2, M4Y,,M4Y
1,1,0,10157 yonge st, Richmond hill L4C1T5 O,,L4C,,, M5V3W6, M5V,,M5V
2,2,0,8 Telegram Mews, Toronto, O, M5V 3Z5, Canada,, M5V 3T3, M5V,,M5V
1,1,0,, Toronto L6a4y1 O, Canada,L6A,,, M5B 1H5, M5B,,M5B
1,1,0,101 Peter St, Toronto, O, M5V 0G6, Canada,, M5R3H3, M5R,,M5R
2,2,0,5 Hanna Ave, Toronto, O, M6K 0B3, Canada,, M5A 3R4, M5A,,M5A
1,1,0,, Toronto  M5A4S3 O, Canada,M5A,,, M4Y0B6, M4Y,,M4Y
1,1,0,, Toronto  M5A4S3 O, Canada,M5A,,,M4T,M4T,M4T,M4T
1,1,0,125 Railroad St, Brampton, O, L6X 1H1,,,M5V,M5V,M5V,M5V
1,1,1,10,avy Wharf Ct, Toronto, M5V 3V2, M5V 3V2, Canada,M5A,M5A,M5A,M5A
1,1,0,12 York Street, M5J 2Z2, Toronto, M5J 2Z2,,, M2K 0B9, M2K,,M2K
1,1,0,565 Sherbourne St, Toronto, O, M4X 1W7, Canada,, M5V 3Z7, M5V,,M5V
1,1,0,12 York St, Toronto, O, M5J 2Z2, Canada,, M6J 0A9, M6J,,M6J
1,1,1,17 Dundonald St., M4Y 1K3, Toronto, M4Y 1K3,,, M4W 2X9, M4W,,M4W
1,1,1,Adelaide St E, Toronto, O, M5A 1, M5A 1,4, M4Y 0A5, M4Y,,M4Y
2,1,0,14 York St, Toronto, O, M5J 0B1, Canada,, L1J 1P5, L1J,,L1J
1,1,0,, Toronto M8V 1M4 O, Canada,M8V,,, M6H 3E8, M6H,,M6H
1,1,1,460 Adelaide St E, Toronto, O, M5A 1,4, Canada, M6K3R5, M6K,,M6K
2,1,0,M5V1E7, Canada,,M5V,,,M5A,M5A,M5A,M5A
2,2,0,215 Fort York Blvd, Toronto, O, M5V 4A2, Canada,, M5V 0H5, M5V,,M5V
1,1,1,33 Shore Breeze Drive, Etobicoke, O, M8V 1A1, Canada,,M5B,M5B,M5B,M5B
1,1,0,, Toronto M5v3z5 O, Canada,M5V,,, L3T 7Y1, L3T,,L3T
3,3,0,10 Glen Rd, Toronto, O, M4X 1M5,,, M5G 2G4, M5G,,M5G
1,1,0,, Toronto Downtown M5T 1M9 O, Canada,M5T,,, M5H 1A1, M5H,,M5H
2,1,0,l6x1k5, Canada,,L6X,,, M5V 1S1, M5V,,M5V
1,1,0,20 Blue Jays Way, M5V 3W6, TORO, M5V 3W6, O,, M5H 1A1, M5H,,M5H
1,1,0,, Markham L3P1,3 O,L3P1,,, M6H 3E8, M6H,,M6H
1,2,1,120 Bayview Ave, Toronto, O, M5A 0G4, Canada,, M5V 0H5, M5V,,M5V
3,1.5,0,1275 Elgin Street, Burlington, O, L7S 1E2,,,H3H,H3H,H3H,H3H
1,1,0,40 Homewood Ave, Toronto, O, M4Y 2K2, Canada,,M5R,M5R,M5R,M5R
1,1,0,20 Blue Jays Way, M5V3W6, Toronto, M5V3W6,,,M6H,M6H,M6H,M6H
1,1.5,1,36 Blue Jays Way, Toronto, O, M5V 3T3, Canada,, M8X 1Z4, M8X,,M8X
2,1,0,99 McGill St, Toronto, O, M5B 1H5, Canada,, M5A 0G4, M5A,,M5A
1,1,0,Toronto, O, M5R3H3, M5R3H3,,,M5E,M5E,M5E,M5E
1,1,0,328 Bayview Ave, Toronto, O, M5A 3R4, Canada,, L6X 0T6, L6X,,L6X
2,2,0,5 St. Joseph, M4Y0B6, Toronto, M4Y0B6,,, M5B 2R3, M5B,,M5B
3,1,0,36 Richmond St E, Oshawa, O, L1G 1E5, Canada,,M5B,M5B,M5B,M5B
2,1,0,, TORO,TO  M4T 1P3 O,M4T,,, M6H 2X7, M6H,,M6H
1,1,0,, Toronto M5V 2P1 O, Canada,M5V,,, M5H 4G5, M5H,,M5H
2,1,0,, Toronto m5a0j3 O, Canada,M5A,,, M5V2E8, M5V,,M5V
2,2,0,17 Kenaston Gardens, ,orth York, M2K 0B9, M2K 0B9, Canada,M5V,M5V,M5V,M5V
1,1,0,25 Capreol Ct, Toronto, O, M5V 3Z7, Canada,, M6K 3P1, M6K,,M6K
3,2,0,, toronto M5V 3z4 O, Canada,,,, L7S 1H7, L7S,,L7S
1,1,0,36 Lisgar St, Toronto, O, M6J 0A9, Canada,, M5A 0B9, M5A,,M5A
1,1,0,65 May St, Toronto, O, M4W 2X9, Canada,, M5J 3A1, M5J,,M5J
1,1,0,75 St ,icholas St, Toronto, M4Y 0A5, M4Y 0A5, Canada, M4B2R6, M4B,,M4B
2,1,0,123 Bloor St W, Oshawa, O, L1J 1P5, Canada,,M5H,M5H,M5H,M5H
1,1,0,Toronto, O, M6H 3E8, M6H 3E8,,, M5V0J9, M5V,,M5V
1,1,0,150 East Liberty, M6K3R5, Toronto, M6K3R5,,, M4Y 1J4, M4Y,,M4Y
3,2,0,, M1L0B3, Toronto, O,,, M9C 0A5, M9C,,M9C
1,1,1,, Toronto M5A3X2 O, Canada,M5A,,, M5R 2L6, M5R,,M5R
1,1,0,126 Simcoe St, Toronto, O, M5V 0H5, Canada,, M5B 2R3, M5B,,M5B
1,1,0,, Toronto M5B2M2 O, Canada,M5B,,, M5S 0A5, M5S,,M5S
1,1,0,62 Suncrest Blvd, Thornhill, O, L3T 7Y1, Canada,, M5J 0C3, M5J,,M5J
2,1.5,0,633 Bay St, Toronto, O, M5G 2G4, Canada,, M5J 0C3, M5J,,M5J
1,1,1,1 King St W, Toronto, O, M5H 1A1, Canada,,M2,M2,M2,M2
2,2,0,399 Adelaide St W, Toronto, O, M5V 1S1, Canada,,M4Y,M4Y,M4Y,M4Y
1,1,0,One King Street West, 1 King St W, Toronto, M5H 1A1, M5H 1A1, Canada, M5G 0A9, M5G,,M5G
1,1,0,Toronto, O, M6H 3E8, M6H 3E8,,, M8V 4E9, M8V,,M8V
1,1,0,126 Simcoe St, Toronto, O, M5V 0H5, Canada,,M5T,M5T,M5T,M5T
3,2,0,14 York St, Toronto, O, M5J 0B1, Canada,, L6G 0B6, L6G,,L6G
2,1,0,1280 Rue Saint-Marc, Montr?al, QC H3H 2G1,H3H,,,M5T,M5T,M5T,M5T
1,1,0,, Toronto  M5R 1B7 O, Canada,M5R,,, M5V 3Z1, M5V,,M5V
1,1,0,, Toronto M6H 3J6 O, Canada,M6H,,,M2M,M2M,M2M,M2M
1,1,0,Tom Riley Park, 3216 Bloor St W, Etobicoke, M8X 1Z4, M8X 1Z4, Canada, M4Y 0A5, M4Y,,M4Y
2,2,0,120 Bayview Ave, Toronto, O, M5A 0G4, Canada,,L3R,L3R,L3R,L3R
1,1,0,, Toronto M5E 0B7 O, Canada,M5E,,,L1W,L1W,L1W,L1W
1,1,1,9 George St , Brampton, O, L6X 0T6, Canada,, M5V 3V6, M5V,,M5V
1,1,0,Victoria St, Toronto, O, M5B 2R3, Canada,,H2X,H2X,H2X,H2X
1,1,0,, Toronto M5B 2K3 O, Canada,M5B,,, M5V 0C4, M5V,,M5V
1,1,0,1089 Dovercourt Rd, Toronto, O, M6H 2X7, Canada,, M5V 1R4, M5V,,M5V
2,2.5,0,311 Bay St, Toronto, O, M5H 4G5, Canada,,M4B,M4B,M4B,M4B
1,1,0,21 widmer, M5V2E8, toronto, M5V2E8,,, M5J 0E1, M5J,,M5J
1,1,0,290 Adelaide street west, toronto M5V1P6 O,,M5V,,, M5V 2G4, M5V,,M5V
1,1,0,38 Western Battery Rd, Toronto, O, M6K 3P1, Canada,,M5A,M5A,M5A,M5A
2,1,0,, L7S 1H7, Burlington, L7S 1H7,,,M63G8,M63G,M63G,M63G
1,2,1,225 Sackville St, Toronto, O, M5A 0B9, Canada,, M5T 1S2, M5T,,M5T
1,1,0,25 Lower Simcoe St, Toronto, O, M5J 3A1, Canada,, M5J 2G4, M5J,,M5J
1,1,0,70 Princeton Ave, M4B2R6, EAST YORK, M4B2R6,,, M5V3Y9, M5V,,M5V
1,1,0,, Toronto M5H 4C7 O, Canada,M5H,,, M5V 2G4, M5V,,M5V
3,2,0,L4K 0G3, Canada,,,,,M5E,M5E,M5E,M5E
2,2,0,85 Queens Wharf road, M5V0J9, Toronto, M5V0J9,,,M5V,M5V,M5V,M5V
2,1,0,120 Homewood Ave, Toronto, O, M4Y 1J4, Canada,, M5B 2R3, M5B,,M5B
2,1,0,205 Sherway Gardens Rd, Etobicoke, O, M9C 0A5, Canada,, M5A 0G4, M5A,,M5A
1,1,0,Toronto, M5R 2L6, Toronto, M5R 2L6, Canada,, M5T 1R5, M5T,,M5T
1,1,0,210 Victoria St, Toronto, O, M5B 2R3, Canada,, M5A 1, M5A,,M5A
2,2,0,1080 Bay St, Toronto, O, M5S 0A5, Canada,,M5S,M5S,M5S,M5S
2,1,0,88 Harbour St, Toronto, O, M5J 0C3, Canada,, M5V 0E4, M5V,,M5V
1,1,1,88 Harbour St, Toronto, O, M5J 0C3, Canada,, M5V 0C4, M5V,,M5V
1,1,0,, ,orth York M2,M2, Canada,, M5V 0H5, M5V,,M5V
2,2,0,, TORO,TO M4Y 3B2 O,M4Y,,, M5V 1B5, M5V,,M5V
1,1,0,150 Elizabeth St, Toronto, O, M5G 0A9, Canada,, M5E1Z8, M5E,,M5E
1,2,1,2121 Lake Shore Blvd W, Etobicoke, O, M8V 4E9, Canada,, M5J 2L9, M5J,,M5J
1,1,0,M5T3J9, Canada,,M5T,,,M5V,M5V,M5V,M5V
2,2,0,21 Upper Duke Crescent, Unionville, O, L6G 0B6, Canada,, M5E 0A5, M5E,,M5E
1,1,0,, Burlington L7S 1H7 O, Canada,M5T,,, L7S 2J3, L7S,,L7S
1,1,1,25 Telegram Mews, Toronto, O, M5V 3Z1, Canada,, M5H 0B1, M5H,,M5H
1,1,0,, ,orth York M2M 4M2 O,M2M,,, L6G 1B3, L6G,,L6G
3,1,0,Harris, whitby L1H 2l7 O, Canada,,,, M4X 1, M4X,,M4X
1,1,0,75 St ,icholas St, Toronto, M4Y 0A5, M4Y 0A5, Canada, M5G 0A6, M5G,,M5G
1,1,0,Markham, O, L3R9W1,L3R,,,M5T,M5T,M5T,M5T
1,1,1,1235 Bayly Street, Pickering l1w 1l7 O,,L1W,,,M6K,M6K,M6K,M6K
1,1,0,5 Mariner Terrace, Toronto, O, M5V 3V6, Canada,,M4J,M4J,M4J,M4J
1,1.5,0,3600 Av du Parc, Montr?al, QC H2X 2J1,H2X,,,M5C,M5C,M5C,M5C
2,2,0,8 Mercer St, Toronto, O, M5V 0C4, Canada,, M5C 1S1, M5C,,M5C
2,1.5,0,, M5V 1R4, Toronto, M5V 1R4,,,M4Y,M4Y,M4Y,M4Y
1,1,0,, toronto m4b2z5 O, Canada,M4B,,, M1T 2T3, M1T,,M1T
1,1,1,10 York St, Toronto, O, M5J 0E1, Canada,, M4Y, M4Y,,M4Y
1,1,1,87 Peter St, Toronto, O, M5V 2G4, Canada,, M4Y, M4Y,,M4Y
1,1,0,, Toronto  M5a3x2  O, Canada,M5A,,, M5G 1S9, M5G,,M5G
1,1,0,, Toronto M6, 3G8 O,M63G8,,, M5E 0A6, M5E,,M5E
1,1,0,297 College Street, M5T 1S2, Toronto, M5T 1S2,,, M5V, M5V,,M5V
1,1,0,33 Harbour Square, Toronto, O, M5J 2G4, Canada,,M9W,M9W,M9W,M9W
1,1,0,4k Spadina - ,EO building, M5V3Y9, M5V3Y9, O,, M5V 0H5, M5V,,M5V
1,1,1,87 Peter St, Toronto, O, M5V 2G4, Canada,, M5V 2A4, M5V,,M5V
2,2,0,, Toronto M5E 1W5 O,,M5E,,,M5V,M5V,M5V,M5V
1,1,0,, Downtoen Toronto M5V0c8 O, Canada,M5V,,, M5V 3Z9, M5V,,M5V
1,1,0,210 Victoria St, Toronto, O, M5B 2R3, Canada,, M5V 2V6, M5V,,M5V
2,2,0,170 Bayview Ave, Toronto, O, M5A 0G4, Canada,, M5V 0L4, M5V,,M5V
1,2,0,253 College St #253, Toronto, O, M5T 1R5, Canada,, M5V 0G3, M5V,,M5V
1,1,0,460 Adelaide St E, Toronto, O, M5A 1,4, Canada,M5V,M5V,M5V,M5V
1,1,0,M5S, Canada,,M5S,,, M5V 0H5, M5V,,M5V
1,1,0,70 Queens Wharf Rd, Toronto, O, M5V 0E4, Canada,, M4Y 1B5, M4Y,,M4Y
1,1,1,John St &amp; King St W, Toronto, O, M5V 0C4, Canada,, M4Y 2L1, M4Y,,M4Y
1,1,0,30,elson St, Toronto, M5V 0H5, M5V 0H5, Canada, M5V 1Y9, M5V,,M5V
1,1,0,21 Grand Magazine St, Toronto, O, M5V 1B5, Canada,, M5A 3H1, M5A,,M5A
2,2,0,18 Yonge St, M5E1Z8, TORO, M5E1Z8, O,,M4C,M4C,M4C,M4C
2,2,0,10 York St, Toronto, O, M5J 2L9, Canada,, M8V 4E9, M8V,,M8V
1,1,0,, toronto M5V 1J1 O, Canada,M5V,,,M5B,M5B,M5B,M5B
2,2,0,39 Queens Quay E, Toronto, O, M5E 0A5, Canada,, M5S 2P9, M5S,,M5S
2,2,0,1270 Maple Crossing Blvd, Burlington, O, L7S 2J3, Canada,,M5V,M5V,M5V,M5V
1,1,0,70 Temperance St, Toronto, O, M5H 0B1, Canada,, M6R 1X7, M6R,,M6R
1,2,1,8081 Birchmount Rd, Markham, O, L6G 1B3, Canada,, M5A 1, M5A,,M5A
1,1,0,5 Rose Ave, Toronto, O, M4X 1,6, Canada, M4X1R3, M4X,,M4X
2,2,0,770 Bay St, Toronto, O, M5G 0A6, Canada,,M9B,M9B,M9B,M9B
1,1,0,, Toronto M5T 2,7 O,M5T,,, M5J 1B7, M5J,,M5J
1,1,0,, Toronto M6k1z4 O, Canada,M6K,,, M5J 1B7, M5J,,M5J
1,1,0,, Toronto M4j1l7 O, Canada,M4J,,,M5T,M5T,M5T,M5T
1,1,0,, Toronto M5c2h4 O, Canada,M5C,,, M5V 3V1, M5V,,M5V
1,1,0,127 Queen St E, Toronto, O, M5C 1S1, Canada,, M5G 2K5, M5G,,M5G
1,1,1,M4Y0C4, Canada,,M4Y,,, L8, L8,,L8
1,1,0,7 Dempster St, Scarborough, O, M1T 2T3, Canada,, M5X1K6, M5X,,M5X
1,1,0,28 Wellesley St E, Toronto, O, M4Y, Canada,, M5B 1Z9, M5B,,M5B
1,1,0,28 Wellesley St E, Toronto, O, M4Y, Canada,,M5T,M5T,M5T,M5T
1,1,0,University Ave, Toronto, O, M5G 1S9, Canada,, M5A 1, M5A,,M5A
2,1.5,0,8 The Esplanade, Toronto, O, M5E 0A6, Canada,, M5V 3K7, M5V,,M5V
1,1,0,Brant St, Toronto, O, M5V, Canada,, M5V 1S7, M5V,,M5V
2,2,0,, toronto m9w 1z8 O, Canada,M9W,,, M5B 1L3, M5B,,M5B
2,2,0,30,elson St, Toronto, M5V 0H5, M5V 0H5, Canada,M5V,M5V,M5V,M5V
1,1,0,353 Queen St W, Toronto, O, M5V 2A4, Canada,,L6Z,L6Z,L6Z,L6Z
1,1,0,, Toronto M5V0J3 O, Canada,M5V,,, M5G 1S9, M5G,,M5G
1,1,0,4 K Spadina Ave, Toronto, O, M5V 3Z9, Canada,,M5C,M5C,M5C,M5C
1,1.5,1,38 Dan Leckie Way, Toronto, O, M5V 2V6, Canada,, M5V, M5V,,M5V
1,1,1,295 Adelaide St W, Toronto, O, M5V 0L4, Canada,, M5H 4C9, M5H,,M5H
1,1,0,25 Stafford St, Toronto, O, M5V 0G3, Canada,, M5J 2T6, M5J,,M5J
1,1,0,, Toronto m5v3a6 O, Canada,M5V,,, M5V 1X9, M5V,,M5V
1,1,0,126 Simcoe St, Toronto, O, M5V 0H5, Canada,,M4B,M4B,M4B,M4B
1,1,0,40 Alexander St, Toronto, O, M4Y 1B5, Canada,, M5V 1K1, M5V,,M5V
1,1,0,44 Huntley St, Toronto, O, M4Y 2L1, Canada,, M8Y 0B6, M8Y,,M8Y
3,3,0,397 Front St W, Toronto, O, M5V 3S1, Canada,, L3T 7W2, L3T,,L3T
1,1,0,608 Richmond St W, Toronto, O, M5V 1Y9, Canada,, M5J 0A6, M5J,,M5J
1,1,0,200 Sackville St, Toronto, O, M5A 3H1, Canada,,L6A,L6A,L6A,L6A
2,1,0,, Toronto M4C2M4 O, Canada,M4C,,, M5B 1H5, M5B,,M5B
1,2,1,2121 Lake Shore Blvd W, Etobicoke, O, M8V 4E9, Canada,, L3R, L3R,,L3R
1,1,0,, Toronto M5B1Y6 O, Canada,M5B,,, M5C 3C5, M5C,,M5C
2,1,0,Bathurst St, Toronto, O, M5S 2P9, Canada,,M5R,M5R,M5R,M5R
2,1,0,M5V, Canada,,M5V,,, M9B 1B1, M9B,,M9B
1,1,0,Dundas St W #401, Toronto, O, M6R 1X7, Canada,, M5H 0B1, M5H,,M5H
1,1,0,460 Adelaide St E, Toronto, O, M5A 1,4, Canada,M1M,M1M,M1M,M1M
1,1,0,Bloor and Parliament Street, M4X1R3, Toronto, M4X1R3, Canada,, M5A 1L4, M5A,,M5A
2,1,0,M9B 1B3, Canada,,M9B,,, M5V 4B2, M5V,,M5V
1,1,0,100 Harbour St, Toronto, O, M5J 1B7, Canada,, M5A 1B4, M5A,,M5A
1,1,0,100 Harbour St, Toronto, O, M5J 1B7, Canada,,M5B,M5B,M5B,M5B
2,1,0,, Toronto M5T 0A9 O, Canada,M5T,,, M5J 2Y2, M5J,,M5J
1,1,1,3,avy Wharf Ct, Toronto, M5V 3V1, M5V 3V1, Canada, L1W 1L7, L1W,,L1W
1,1,0,38 Elm St, Toronto, O, M5G 2K5, Canada,, M4L 1S7, M4L,,M4L
2,2,0,54 Alanson St, Hamilton, O, L8, 1W5, Canada, M5A 2V3, M5A,,M5A
1,1,0,Downtown, Toronto, O, M5X1K6, M5X1K6,, M5E 0A5, M5E,,M5E
1,1,0,365 Church Street, M5B 1Z9, Toronto, M5B 1Z9,,,M5G,M5G,M5G,M5G
3,2,0,225 Mutual St, Toronto, O, M5B 2B4, Canada,, L6G 1E3, L6G,,L6G
3,1,0,30 Leitch Ave, ,orth York, O, M3J 3P2, Canada, M9B 1B1, M9B,,M9B
1,1,0,, Toronto M5T 2,7 O,M5T,,, M5B2R3, M5B,,M5B
1,1,0,460 Adelaide St E, Toronto, O, M5A 1,4, Canada,M5S,M5S,M5S,M5S
1,1,0,155 Wellington St W, Toronto, O, M5V 3K7, Canada,, M5V 2M5, M5V,,M5V
1,1,0,39 Brant St, Toronto, O, M5V 1S7, Canada,,M4Y,M4Y,M4Y,M4Y
2,2,0,21 Carlton St, Toronto, O, M5B 1L3, Canada,, M5J 2Z2, M5J,,M5J
1,1,1,M5V3Z7, Canada,,M5V,,, M5V 0G8, M5V,,M5V
1,1,0,L6Z3M4, Canada,,L6Z,,, M3C 3P3, M3C,,M3C
1,1,0,426 University Ave, Toronto, O, M5G 1S9, Canada,, M5R 3J1, M5R,,M5R
1,1,0,, Downtown Toronto M5C 2V9 O, Canada,M5C,,,M5G,M5G,M5G,M5G
1,1,0,Dan Leckie Way, Toronto, O, M5V, Canada,,M5J,M5J,M5J,M5J
1,1,0,168 Simcoe St, Toronto, O, M5H 4C9, Canada,, L5B, L5B,,L5B
1,1,0,200 Bay St, Toronto, O, M5J 2T6, Canada,, M5A2B7, M5A,,M5A
2,2,0,435 Richmond St W, Toronto, O, M5V 1X9, Canada,,M5G,M5G,M5G,M5G
1,1,0,, Toronto M4B 1B3 O,,M4B,,, M5V 0, M5V,,M5V
1,1,0,375 King St W, Toronto, O, M5V 1K1, Canada,,L6M,L6M,L6M,L6M
2,2,0,88 Park Lawn Rd, Etobicoke, O, M8Y 0B6, Canada,, M4C 1B4, M4C,,M4C
2,1,0,355 South Park Rd, Thornhill, O, L3T 7W2, Canada,,M5B,M5B,M5B,M5B
1,1,0,55 Bremner Blvd, Toronto, O, M5J 0A6, Canada,, M4X 0A1, M4X,,M4X
1,1,0,L6A0C6, Canada,,L6A,,,L6A,L6A,L6A,L6A
1,1.5,1,99 McGill St, Toronto, O, M5B 1H5, Canada,, M5B 1H5, M5B,,M5B
2,2,0,Water Walk Dr, Markham, O, L3R, Canada,, L3R, L3R,,L3R
1,1,1,7 King St E, Toronto, O, M5C 3C5, Canada,, M5C 3C5, M5C,,M5C
2,1,0,M5R3A3, Canada,,M5R,,,M5R,M5R,M5R,M5R
1,1,1,5365 Dundas St W, Etobicoke, O, M9B 1B1, Canada,, M9B 1B1, M9B,,M9B
1,1,0,70 Temperance St, Toronto, O, M5H 0B1, Canada,, M5H 0B1, M5H,,M5H
2,2,0,, toronto m1m4j3 O, Canada,M1M,,,M1M,M1M,M1M,M1M
1,1,1,King St E, Toronto, O, M5A 1L4, Canada,, M5A 1L4, M5A,,M5A
1,1.5,1,38 Dan Leckie Way, Toronto, O, M5V 4B2, Canada,, M5V 4B2, M5V,,M5V
1,1,0,Queens Quay E, Toronto, O, M5A 1B4, Canada,, M5A 1B4, M5A,,M5A
1,1,0,, toronto m5b 2m3 O, Canada,M5B,,,M5B,M5B,M5B,M5B
1,1,0,8 York St, Toronto, O, M5J 2Y2, Canada,, M5J 2Y2, M5J,,M5J
3,2,0,21 Widmer St, Toronto, O, M5V 0B8, Canada,, M5V 0B8, M5V,,M5V
1,1,1,1235 Bayly St, Pickering, O, L1W 1L7, Canada,, L1W 1L7, L1W,,L1W
1,1,0,140 Kingston Rd #301, Toronto, O, M4L 1S7, Canada,, M4L 1S7, M4L,,M4L
1,1,0,, M5A 2V3, Toronto, M5A 2V3,,, M5A 2V3, M5A,,M5A
1,1,0,39 Queens Quay E, Toronto, O, M5E 0A5, Canada,, M5E 0A5, M5E,,M5E
1,1,0,, Toronto M5G 1B1 O,,M5G,,,M5G,M5G,M5G,M5G
1,2,1,38 Cedarland Dr, Markham, O, L6G 1E3, Canada,, L6G 1E3, L6G,,L6G
2,2,0,, M9B 1B1, Etobicoke, M9B 1B1,,, M9B 1B1, M9B,,M9B
1,1,0,Dundas &amp; Shuter, M5B2R3, Toronto, M5B2R3,,, M5B2R3, M5B,,M5B
1,1,0,, Toronto M5S1H8  O, Canada,M5S,,,M5S,M5S,M5S,M5S
1,1,0,Maud St, Toronto, O, M5V 2M5, Canada,, M5V 2M5, M5V,,M5V
1,1,0,M4Y1T1, Canada,,M4Y,,,M4Y,M4Y,M4Y,M4Y
2,1.5,0,12 York St, Toronto, O, M5J 2Z2, Canada,, M5J 2Z2, M5J,,M5J
2,2,0,20 Bruyeres Mews, Toronto, O, M5V 0G8, Canada,, M5V 0G8, M5V,,M5V
1,1,0,195 Wynford Dr, ,orth York, M3C 3P3, M3C 3P3, Canada, M3C 3P3, M3C,,M3C
2,1,0,1384 Bathurst St, Toronto, O, M5R 3J1, Canada,, M5R 3J1, M5R,,M5R
1,1,0,, Toronto M5G 2R3 O, Canada,M5G,,,M5G,M5G,M5G,M5G
1,1,0,, Toronto M5j 0B1 O, Canada,M5J,,,M5J,M5J,M5J,M5J
1,1,0,, Mississauga L5B3Z4 O, Canada, L5B,,, L5B, L5B,,L5B
2,2,0,55 Regent Park Blvd, M5A2B7, Toronto, M5A2B7,,, M5A2B7, M5A,,M5A
1,1,0,, TORO,TO M5G 2K2 O,M5G,,,M5G,M5G,M5G,M5G
2,2,0,435 Richmond St West, M5V 0,3, M5V 0, O,, M5V 0, M5V,,M5V
3,2,0,Maple Crossing Blvd, Burlington, O, L7S 2J3, Canada,, L7S 2J3, L7S,,L7S
3,1,0,, L7S 1R7, Burlington, O,,, O, O,,O
1,1,0,, oakville L6M3V5 O, Canada,L6M,,,L6M,L6M,L6M,L6M
1,1,0,Upper Beaches, Toronto, O, M4C 1B4, M4C 1B4,, M4C 1B4, M4C,,M4C
2,1,0,, Toronto M5B 2L7 O, Canada,M5B,,,M5B,M5B,M5B,M5B
1,1,0,561 Sherbourne St, Toronto, O, M4X 0A1, Canada,, M4X 0A1, M4X,,M4X
