Bedroom,Bathroom,Den,Lat,Long,Price,Address,Postal Code
2,2.5,0,43.6497827,-79.3804402,9750,"311 Bay St, Toronto, O",M5H
3,2,0,43.6472259,-79.3911003,8000,"21 Widmer St, Toronto, O",M5V
2,3,0,43.648953,-79.3857683,6500,"180 University Ave, Toronto, O",M5H
3,2,0,43.6410122,-79.3949476,6000,", toronto M5V 3z4 O",M5V
3,2,0,43.6419081,-79.3817798,4900,"14 York St, Toronto, O",M5J
3,3,0,43.6425685,-79.3934596,4900,"397 Front St W, Toronto, O",M5V
1,1,0,43.6452974,-79.3923967,4700,"80 Blue Jays Way, Toronto, O",M5V
3,2,0,43.6723273,-79.4287263,4625,"Salvador Allende Ct, Toronto, O",M6G
3,3,0,43.6715933,-79.3750834,4500,"10 Glen Rd, Toronto, O",M4X
2,2,0,43.6490235,-79.3884001,4500,30,M5V
3,2,0,43.6415283,-79.3833016,4200,"25 Lower Simcoe St, Toronto, O",M5J
2,2,0,43.6667515,-79.3762355,4100,"120 Homewood Ave, Toronto, O",M4Y
2,2,0,43.6667515,-79.3762355,4100,"120 Homewood Ave, Toronto, O",M4Y
3,2,0,56.130366,-106.346771,4000,"M5B0A5, Canada",M5B
3,2,0,56.130366,-106.346771,4000,"M5B0A5, Canada",M5V
2,2,0,43.6619074,-79.3782085,4000,"77 Carlton St, Toronto, O",M5B
2,2,0,43.6458091,-79.3756819,4000,"1 The Esplanade, Toronto, O",M5E
2,2,0,43.6487831,-79.3880423,4000,21,M5V
2,2,0,43.6551919,-79.3539119,4000,"170 Bayview Avenue, Toronto M5A 0M4 O",M5A
1,1,0,43.648953,-79.3857683,4000,"180 university Ave, M5H 0A3, TORO",M5H
1,1,0,43.6447757,-79.3665735,4000,"Queens Quay E, Toronto, O",M5A
1,1,0,43.6406456,-79.380939,4000,"8 York St, Toronto, O",M5J
3,2,0,43.6616535,-79.3775582,3999,"225 Mutual St, Toronto, O",M5B
2,2,0,43.6461884,-79.3972358,3950,"399 Adelaide St W, Toronto, O",M5V
3,2,0,43.6503403,-79.3876465,3900,"M5V1Z5, Canada",M5V
3,2,0,43.6419081,-79.3817798,3800,"14 York St, Toronto, O",M5J
1,1,0,43.6515793,-79.39008,3750,"49 McCaul St, Toronto, O",M5T
1,1,0,43.6475126,-79.3927022,3750,"101 Peter St, Toronto, O",M5V
2,2,0,43.6655881,-79.383028,3700,"28 Wellesley St E, Toronto, O",M4Y
2,2,0,43.6655881,-79.383028,3700,"28 Wellesley St E, Toronto, O",M4Y
2,2,0,43.6655881,-79.383028,3700,"28 Wellesley St E, Toronto, O",M4Y
2,1,0,43.6525195,-79.3890778,3700,", Toronto M5T 0A9 O",M5T
1,1,0,43.6709659,-79.3905934,3620,", Toronto  M5R 1B7 O",M5R
1,2,0,43.640402,-79.3971467,3600,", DOW",M5V
3,1,0,43.6486411,-79.4011928,3600,", m5t2m5, Toronto, O",M5T
2,2,0,43.6500917,-79.3873738,3600,"168 Simcoe St, Toronto, O",M5H
1,1,1,43.6465174,-79.3872066,3600,"John St &amp; King St W, Toronto, O",M5V
2,2,0,43.6695928,-79.3805797,3575,"101 Charles St E, Toronto, O",M4Y
2,2,0,43.6695928,-79.3805797,3575,"101 Charles St E, Toronto, O",M4Y
3,2,0,43.6387842,-79.3988635,3500,"85 Queens Wharf Rd, Toronto, O",M5V
2,2,0,43.6527574,-79.3665108,3500,"460 Adelaide St E, Toronto, O",M5A
2,2,0,43.6375235,-79.400877,3500,"20 Bruyeres Mews, Toronto, O",M5V
2,2,0,43.6669805,-79.3888889,3500,"1080 Bay St, Toronto, O",M5S
2,2,0,43.660269,-79.3828002,3450,"424 Yonge Street, Toronto, O",M5B
3,1.5,0,43.6411088,-79.419448,3450,"19 Sudbury St, Toronto, O",M6J
3,1.5,0,43.6411088,-79.419448,3450,"19 Sudbury St, Toronto, O",M6J
2,2,0,43.6458091,-79.3756819,3400,"1 The Esplanade, Toronto, O",M5E
2,2,0,43.6458091,-79.3756819,3400,"1 The Esplanade, Toronto, O",M5E
2,2,0,43.6458091,-79.3756819,3400,"1 The Esplanade, Toronto, O",M5E
2,2,0,43.6490882,-79.3762537,3400,"37 King St E, Toronto, O",M5C
2,2,0,43.6652335,-79.3842932,3300,"8 Wellesley St E, Toronto, O",M4Y
2,2,0,43.6652335,-79.3842932,3300,"8 Wellesley St E, Toronto, O",M4Y
2,2,0,43.665234,-79.3839957,3300,", TORO",M4Y
2,2,0,43.6344756,-79.4015886,3300,"90 Stadium Rd, Toronto, O",M5V
1,1,1,43.64787,-79.391138,3300,"290 Adelaide St W, Toronto, O",M5V
1,1,0,43.6418726,-79.3819064,3300,"12 York Street, M5J 2Z2, Toronto, O",M5J
1,1,0,43.6418726,-79.3819064,3300,"12 York St, Toronto, O",M5J
2,2,0,43.6416207,-79.3717276,3250,"39 Queens Quay E, Toronto, O",M5E
2,2,0,43.6431051,-79.375906,3200,"12 Yonge St, Toronto, O",M5E
2,2,0,43.6431051,-79.375906,3200,"12 Yonge St, Toronto, O",M5E
2,2,0,43.6431051,-79.375906,3200,"12 Yonge St, Toronto, O",M5E
2,2,0,43.6432077,-79.39211,3200,"Front St W, Toronto, O",M5V
1,1,1,43.6559879,-79.3588769,3200,"52 Sumach St, Toronto, O",M5A
2,2,0,43.6431051,-79.375906,3200,"12 Yonge St, Toronto, O",M5E
2,2,0,43.6431051,-79.375906,3200,"12 Yonge St, Toronto, O",M5E
2,2,0,43.6432077,-79.39211,3200,"Front St W, Toronto, O",M5V
2,2,0,43.6651058,-79.3769009,3200,"77 Maitland Pl, Toronto, O",M4Y
1,1,1,43.6559879,-79.3588769,3200,"52 Sumach St, Toronto, O",M5A
2,2,0,43.6657528,-79.3855792,3200,"5 St. Joseph, M4Y0B6, Toronto, O",M4Y
3,2,0,43.6467641,-79.3922208,3200,", M5V 2G4, Toronto, O",M5V
2,1,0,43.6383175,-79.3977947,3200,"75 Queens Wharf Rd, Toronto, O",M5V
2,2,0,43.6431051,-79.375906,3200,"12 Yonge St, Toronto, O",M5E
1,1,1,43.6559879,-79.3588769,3200,"52 Sumach St, Toronto, O",M5A
3,2,0,43.6467641,-79.3922208,3200,", M5V 2G4, Toronto, O",M5V
2,1,0,43.6383175,-79.3977947,3200,"75 Queens Wharf Rd, Toronto, O",M5V
2,2,0,43.6413402,-79.4181394,3200,"12 Sudbury St, Toronto, O",M6J
2,2,0,43.6456126,-79.3825854,3200,"York Street, M5J 0E1, Toronto, O",M5J
2,2,0,43.6431051,-79.375906,3200,"12 Yonge St, Toronto, O",M5E
3,2,0,43.6606054,-79.3786354,3200,"89 McGill Street, Toronto, O",M5B
2,2,0,43.6406456,-79.380939,3200,"8 York St, Toronto, O",M5J
3,1,0,43.6606054,-79.3786354,3200,"89 McGill Street, Toronto, O",M5B
2,2,0,43.6387842,-79.3988635,3200,"85 Queens Wharf road, M5V0J9, Toronto, O",M5V
2,1,0,43.6289467,-79.3944199,3200,"M5V, Canada",M5V
1,1,0,43.6500917,-79.3873738,3200,"168 Simcoe St, Toronto, O",M5H
2,1.5,0,43.6418726,-79.3819064,3200,"12 York St, Toronto, O",M5J
2,2,0,43.6394055,-79.3932324,3150,"11 Brunel Ct, Toronto, O",M5V
2,2,0,43.6394055,-79.3932324,3150,"11 Brunel Ct, Toronto, O",M5V
2,2,0,43.6394055,-79.3932324,3150,"11 Brunel Ct, Toronto, O",M5V
2,2,0,43.6394055,-79.3932324,3150,"11 Brunel Ct, Toronto, O",M5V
2,2,0,43.642282,-79.3828265,3150,"30 Grand Trunk Crescent, Toronto, O",M5J
2,2,0,43.6410868,-79.3814048,3150,"10 York St, Toronto, O",M5J
2,2,0,43.6404783,-79.3949699,3130,"8 Telegram Mews, Toronto, O",M5V
2,2,0,43.6423144,-79.3812291,3100,"York St, Toronto, O",M5J
2,2,0,43.6695928,-79.3805797,3100,"101 Charles St, Toronto, O",M4Y
2,2,0,43.6460058,-79.3899085,3100,"8 Mercer Street, M5V0C4, Toronto, O",M5V
2,2,0,43.6415846,-79.3826205,3100,"19 Grand Trunk Crescent, Toronto, O",M5J
2,2,0,43.6375235,-79.400877,3100,"20 Bruyeres Mews, Toronto, O",M5V
2,2,0,43.6548421,-79.3792015,3099,"220 Victoria St, Toronto, O",M5B
2,2,0,43.6548421,-79.3792015,3099,"220 Victoria St, Toronto, O",M5B
2,2,0,43.6548421,-79.3792015,3099,"220 Victoria St, Toronto, O",M5B
2,1,0,43.6672109,-79.3891532,3099,"65 St Mary St, Toronto, O",M5S
2,2,0,43.6460058,-79.3899085,3050,"8 Mercer St, Toronto, O",M5V
2,2,0,43.6504185,-79.3817908,3000,"Temperance St, Toronto, O",M5H
1,1,1,43.6458091,-79.3756819,3000,"1 The Esplanade, Toronto, O",M5E
2,2,0,43.6504185,-79.3817908,3000,"Temperance St, Toronto, O",M5H
1,1,1,43.6458091,-79.3756819,3000,"1 The Esplanade, Toronto, O",M5E
1,1,1,43.6458091,-79.3756819,3000,"1 The Esplanade, Toronto, O",M5E
2,2,0,43.7614611,-79.4098016,3000,"5 Sheppard Ave E, Toronto, O",M2N
2,2,0,43.6444084,-79.3765617,3000,"18 Yonge St, Toronto, O",M5E
2,2,0,43.6551919,-79.3539119,3000,"170 Bayview Ave, Toronto, O",M5A
2,2,0,43.626966,-79.4784876,3000,"16 Brookers Ln, Etobicoke, O",M8V
2,2,0,43.6505597,-79.3820722,3000,"70 Temperance St, M5H4E8, Toronto, O",M5H
2,2,0,43.642282,-79.3828265,3000,"30 Grand Trunk Crescent, Toronto, O",M5J
1,1,0,43.6450503,-79.3913411,3000,", Toronto M5V3P5 O",M5V
2,1.5,0,43.6568825,-79.3835616,3000,"633 Bay St, Toronto, O",M5G
2,2,0,43.6551919,-79.3539119,3000,"170 Bayview Ave, Toronto, O",M5A
2,2,0,43.6444084,-79.3765617,3000,"18 Yonge St, M5E1Z8, TORO",M5E
2,2,0,43.6476244,-79.3968608,3000,"435 Richmond St West, M5V 0",M5V
2,2,0,43.6232891,-79.4836951,2999,"10 Park Lawn Rd, Etobicoke, O",M8Y
2,2,0,43.6551919,-79.3539119,2999,"170 Bayview Ave, Toronto, O",M5A
2,2,0,43.6551919,-79.3539119,2999,"170 Bayview Ave, Toronto, O",M5A
2,2,0,43.6551919,-79.3539119,2999,"170 Bayview Ave, Toronto, O",M5A
2,2,0,43.655111,-79.3756429,2990,"68 Shuter St, Toronto, O",M5B
1,1,1,43.64894,-79.378086,2950,"One King Street West, 1 King St W, Toronto, O",M5H
2,2,0,43.6601107,-79.3858871,2950,", Toronto M5G 0A6 O",M5G
1,1,1,43.6414082,-79.3912531,2950,"M5V3S2, Canada",M5V
2,2,0,43.6418064,-79.3789807,2950,"100 Harbour St, Toronto, O",M5J
2,2,0,43.6531574,-79.3686431,2950,"323 Richmond St E, Toronto, O",M5A
2,2,0,43.658897,-79.383798,2950,"44 Gerrard St W, Toronto, O",M5G
2,2,0,43.6601367,-79.3858692,2950,"770 Bay St, Toronto, O",M5G
2,2,0,43.6601367,-79.3858692,2950,"770 Bay St, Toronto, O",M5G
2,1,0,43.6676701,-79.389445,2915,"57 Charles Street West, Toronto, O",M4Y
2,2,0,43.6410868,-79.3814048,2900,"10 York Street, Toronto, O",M5J
2,2,0,43.6410868,-79.3814048,2900,"10 York Street, Toronto, O",M5J
2,2,0,43.6410868,-79.3814048,2900,"10 York Street, Toronto, O",M5J
2,2,0,43.6410868,-79.3814048,2900,"10 York Street, Toronto, O",M5J
2,2,0,43.6410868,-79.3814048,2900,"10 York Street, Toronto, O",M5J
2,2,0,43.6410868,-79.3814048,2900,"10 York Street, Toronto, O",M5J
2,2,0,43.6410868,-79.3814048,2900,"10 York Street, Toronto, O",M5J
2,2,0,43.6567332,-79.375154,2900,", toronto M5B1E4 O",M5B
2,2,0,43.6567332,-79.375154,2900,", toronto M5B1E4 O",M5B
2,2,0,43.6410868,-79.3814048,2900,"10 York Street, Toronto, O",M5J
2,2,0,43.6410868,-79.3814048,2900,"10 York Street, Toronto, O",M5J
1,1,0,43.6468787,-79.3972126,2900,"29 Camden St #602, Toronto, O",M5V
2,1,0,43.6415686,-79.4246028,2889,"170 Sudbury St, Toronto, O",M6J
2,1,0,43.6415686,-79.4246028,2889,"170 Sudbury St, Toronto, O",M6J
2,1,0,43.6415686,-79.4246028,2889,"170 Sudbury St, Toronto, O",M6J
2,1,0,43.6678174,-79.3831111,2850,"55 Isabella St, Toronto, O",M4Y
2,2,0,43.6476244,-79.3968608,2850,"435 Richmond St W, Toronto, O",M5V
2,2,0,43.6505597,-79.3820722,2800,"70 Temperance St, Toronto, O",M5H
2,2,0,43.6606054,-79.3786354,2800,"89 McGill St, Toronto, O",M5B
2,2,0,43.6505597,-79.3820722,2800,"70 Temperance St, Toronto, O",M5H
2,2,0,43.6606054,-79.3786354,2800,"89 McGill St, Toronto, O",M5B
1,1,0,43.6400577,-79.379201,2800,", Toronto M5J 2H2 O",M5J
2,2,0,43.6421671,-79.3819283,2800,"M5J2Z2, Canada",M5J
2,2,0,43.6505597,-79.3820722,2800,"70 Temperance St, Toronto, O",M5H
2,2,0,43.6606054,-79.3786354,2800,"89 McGill St, Toronto, O",M5B
1,1,0,43.6400577,-79.379201,2800,", Toronto M5J 2H2 O",M5J
1,2,0,43.6505597,-79.3820722,2800,"70 Temperance St, Toronto, O",M5H
2,2,0,43.661198,-79.3816644,2800,", Toronto M5B1L4 O",M5B
1,1.5,0,43.6550554,-79.3847211,2800,"111 Elizabeth St, Toronto, O",M5G
2,2,0,43.6356261,-79.4268735,2800,"14 Thorburn, M6K1C5, Toronto, O",M6K
2,2,0,43.6421671,-79.3819283,2800,"M5J2Z2, Canada",M5J
2,2,0,43.6505597,-79.3820722,2800,"70 Temperance St, Toronto, O",M5H
2,1,0,43.6420242,-79.4230597,2800,"45 Lisgar St, Toronto, O",M6J
2,1,0,43.6605397,-79.3786617,2800,"99 McGill St, Toronto, O",M5B
2,2,0,43.637287,-79.396355,2800,", Toronto m5v3m8 O",M5V
1,1,0,43.6984043,-79.3948245,2800,"33 Davisville Avenue, Toronto, O",M4S
2,2,0,43.6601526,-79.3648897,2800,"25 Cole St, Toronto, O",M5A
2,2,0,43.6439877,-79.4014038,2800,"625 King St W, Toronto, O",M5V
2,3,0,43.6546239,-79.3790756,2800,"210 Victoria St #400, Toronto, O",M5B
2,1,0,43.6400685,-79.3999604,2800,"70 Queens Wharf Rd, Toronto, O",M5V
2,2,0,43.6363456,-79.404535,2800,"215 Fort York Blvd, Toronto, O",M5V
2,2,0,43.653978,-79.3541341,2800,"120 Bayview Ave, Toronto, O",M5A
1,1,0,43.6720333,-79.370728,2800,"Bloor and Parliament Street, M4X1R3, Toronto, O",M4X
2,2,0,43.6611027,-79.3821061,2800,"21 Carlton St, Toronto, O",M5B
2,2,0,43.6527574,-79.3665108,2775,"460 Adelaide St East, M5A1",M5A
1,1,0,43.6488576,-79.3781453,2750,"1 King St W, Toronto, O",M5H
2,1,0,43.6474943,-79.435995,2750,"23 Wyndham St, Toronto, O",M6K
1,1,1,43.6488576,-79.3781453,2750,"1 King St W, Toronto, O",M5H
3,1,0,43.6403508,-79.4275216,2707,"295 Dufferin St., Toronto, O",M6K
1,1,1,43.6476244,-79.3968608,2700,"435 Richmond St W, Toronto, O",M5V
1,1,0,43.6439201,-79.3994776,2700,"75 Portland St, Toronto, O",M5V
1,1,1,43.6413655,-79.3914457,2700,81,M5V
2,1,0,43.6605397,-79.3786617,2700,"99 McGill St, Toronto, O",M5B
1,1,0,43.6416207,-79.3717276,2700,"39 Queens Quay E, Toronto, O",M5E
2,1,0,43.6667515,-79.3762355,2699,"120 Homewood Ave, Toronto, O",M4Y
2,1,0,43.6383993,-79.4144482,2699,"65 E Liberty St, Toronto, O",M6K
1,1,1,43.6659283,-79.383465,2680,"17 Dundonald St., M4Y 1K3, Toronto, O",M4Y
1,1,0,43.6476273,-79.3904081,2650,"295 Adelaide St W, Toronto, O",M5V
1,1,0,43.6476273,-79.3904081,2650,"295 Adelaide St W, Toronto, O",M5V
1,1,0,43.6415846,-79.3826205,2650,"19 Grand Trunk Crescent, Toronto, O",M5J
1,1,0,43.6476273,-79.3904081,2650,"295 Adelaide St W, Toronto, O",M5V
1,2,0,43.6453398,-79.4021851,2650,"525 Adelaide Street West, Toronto, O",M5V
1,1,0,43.6458091,-79.3756819,2650,"1 The Esplanade, Toronto, O",M5E
2,2,0,43.7658605,-79.3855003,2650,"17 Kenaston Gardens, ",M2K
1,1.5,1,43.6449299,-79.3921465,2650,"36 Blue Jays Way, Toronto, O",M5V
1,1,0,43.645271,-79.3763951,2600,", Toronto m5e0a8 O",M5E
2,2,0,43.6638522,-79.3841153,2600,", Yonge and Maitland M4y3b5  O",M4Y
1,1,0,43.645271,-79.3763951,2600,", Toronto m5e0a8 O",M5E
1,1,0,43.6417851,-79.3790058,2600,"88 Harbour St, Toronto, O",M5J
1,1,1,43.6458091,-79.3756819,2600,"1 The Esplanade, Toronto, O",M5E
1,1,1,43.6397355,-79.3904175,2600,"5 Mariner Terr, Toronto M5V 3V6 O",M5V
2,2,0,43.6594213,-79.3610251,2600,"55 Regent Park Blvd, Toronto, O",M5A
2,1,0,43.6412101,-79.3938921,2600,", Toronto  M5V3Z9 O",M5V
2,1,0,43.665271,-79.4476835,2600,"812 Lansdowne Ave, Toronto, O",M6H
2,2,0,43.6366681,-79.4004451,2600,"600 Fleet St, Toronto, O",M5V
1,1,0,43.6387842,-79.3988635,2600,"85 Queens Wharf Rd, Toronto, O",M5V
1,1,1,43.6418064,-79.3789807,2600,"100 Harbour St, Toronto, O",M5J
1,1,0,43.6387842,-79.3988635,2600,"85 Queen's Wharf Rd, Toronto, O",M5V
1,1,1,43.6390962,-79.3864748,2600,"270 Queens Quay W, Toronto, O",M5V
1,1,0,43.6679021,-79.3756819,2600,"500 Sherbourne St, Toronto, O",M4X
2,1,0,43.6419081,-79.3817798,2600,"14 York St, Toronto, O",M5J
2,2,0,43.7658605,-79.3855003,2600,"17 Kenaston Gardens, ",M2K
2,1,0,43.6417851,-79.3790058,2600,"88 Harbour St, Toronto, O",M5J
1,1,1,43.6417851,-79.3790058,2600,"88 Harbour St, Toronto, O",M5J
2,1.5,0,43.6460983,-79.3760549,2600,"8 The Esplanade, Toronto, O",M5E
1,1,1,43.6476273,-79.3904081,2600,"295 Adelaide St W, Toronto, O",M5V
1,1,0,43.658981,-79.362919,2600,"200 Sackville St, Toronto, O",M5A
2,2,0,43.6594213,-79.3610251,2600,"55 Regent Park Blvd, M5A2B7, Toronto, O",M5A
2,1,0,43.6403508,-79.4275216,2591,"295 Dufferin St., Toronto, O",M6K
2,1,0,43.6403508,-79.4275216,2591,"295 Dufferin St., Toronto, O",M6K
2,1,0,43.6403508,-79.4275216,2591,"295 Dufferin St., Toronto, O",M6K
2,1,0,43.6403508,-79.4275216,2574,"295 Dufferin St., Toronto, O",M6K
2,1,0,43.6403508,-79.4275216,2574,"295 Dufferin St., Toronto, O",M6K
2,1,0,43.6403508,-79.4275216,2574,"295 Dufferin St., Toronto, O",M6K
1,1,0,43.6489001,-79.392205,2550,"318 Richmond St W, Toronto, O",M5V
1,1,0,43.6489001,-79.392205,2550,"318 Richmond St W, Toronto, O",M5V
1,1,0,43.6489001,-79.392205,2550,"318 Richmond St W, Toronto, O",M5V
2,1,0,43.6519582,-79.3688547,2550,"333 Adelaide St E, Toronto, O",M5A
1,1,0,43.6694507,-79.3874705,2550,"The Uptown Residences, 35 Balmuto St, Toronto, O",M4Y
1,1,0,43.6694507,-79.3874705,2550,"The Uptown Residences, 35 Balmuto St, Toronto, O",M4Y
1,1,0,43.6694507,-79.3874705,2550,"The Uptown Residences, 35 Balmuto St, Toronto, O",M4Y
2,1,0,43.6519582,-79.3688547,2550,"333 Adelaide St E, Toronto, O",M5A
2,1,0,43.625159,-79.4787203,2550,"56 annie craig drive, m8v0a5, toronto, O",M8V
1,1,0,43.6418064,-79.3789807,2550,"100 Harbour Street, M5J1B7, Toronto, O",M5J
1,1,0,43.6417851,-79.3790058,2550,"88 Harbour St, Toronto, O",M5J
1,1,1,43.6404402,-79.3918535,2550,10,M5V
1,1,1,43.6524331,-79.3888604,2545,"210 Simcoe St, Toronto, O",M5T
1,1,0,43.6680834,-79.3906814,2525,", Toronto m5s 2z1 O",M5S
1,1,0,43.6480053,-79.3968338,2500,"438 Richmond St W, Toronto, O",M5V
1,2,1,43.6402232,-79.395951,2500,"10 Capreol Ct, Toronto, O",M5V
1,2,1,43.6402232,-79.395951,2500,"10 Capreol Ct, Toronto, O",M5V
1,1,0,43.6441737,-79.3894209,2500,"300 Front St W, M5E 0E9, Toronto, O",M5E
2,1,0,43.6469441,-79.3923973,2500,"87 Peter St, Toronto, O",M5V
1,2,1,43.6402232,-79.395951,2500,"10 Capreol Ct, Toronto, O",M5V
1,1,1,43.6618956,-79.3857479,2500,"38 Grenville, TORO",M4Y
1,1,0,43.6648437,-79.3859297,2500,"24 Wellesley St W, Toronto, O",M4Y
1,1,0,43.6441737,-79.3894209,2500,"300 Front St W, M5E 0E9, Toronto, O",M5E
1,1,1,43.6618956,-79.3857479,2500,"38 Grenville, TORO",M4Y
2,1,0,43.6469441,-79.3923973,2500,"87 Peter St, Toronto, O",M5V
1,1,0,43.6648437,-79.3859297,2500,"24 Wellesley St W, Toronto, O",M4Y
1,1,0,43.6676141,-79.3864589,2500,75 St ,M4Y
1,1,0,43.6676141,-79.3864589,2500,75 St ,M4Y
1,1,1,43.6610628,-79.3515415,2500,"85 Hamilton St, Toronto, O",M4M
1,1,0,43.6610628,-79.3515415,2500,"85 Hamilton St, Toronto, O",M4M
1,1,0,43.6418064,-79.3789807,2500,"100 Harbour St, Toronto, O",M5J
1,1,0,43.6515793,-79.39008,2500,"49 McCaul St, Toronto, O",M5T
2,2,0,43.6467641,-79.3922208,2500,", DOW",M5V
2,2,0,43.7789286,-79.3241989,2500,", Toronto M1T 1a8 O",M1T
1,1,0,43.6520584,-79.3714575,2500,"112 George Street, M5A 2M5, Toronto, O",M5A
2,2,0,43.645396,-79.3942439,2500,"Downtown, Toronto M5V1K1 O",M5V
1,2,0,43.6402232,-79.395951,2500,"10 Capreol Court  Unit # 321, M5V 4B3, Toronto, O",M5V
3,3,0,43.6730167,-79.4399334,2500,"1353 Davenport Rd, Toronto, O",M6H
2,2,0,43.6444084,-79.3765617,2500,"18 Yonge St, Toronto, O",M5E
2,2,0,43.6374534,-79.4183866,2500,"5 Hanna Ave, Toronto, O",M6K
1,1,0,43.6472259,-79.3911003,2500,"21 widmer, M5V2E8, toronto, O",M5V
1,1,1,43.6402671,-79.3910061,2500,3,M5V
3,1,0,43.766969,-79.4967538,2500,"30 Leitch Ave, ",M3J
1,1,0,43.6464336,-79.3978064,2500,"39 Brant St, Toronto, O",M5V
1,1,1,43.6490665,-79.37693,2500,"7 King St E, Toronto, O",M5C
2,2,0,43.6372559,-79.5382147,2500,", M9B 1B1, Etobicoke, O",M9B
1,1,0,43.6527574,-79.3665108,2480,"460 Adelaide St E, Toronto, O",M4V
1,1,0,43.6527574,-79.3665108,2480,"460 Adelaide St E, Toronto, O",M4V
1,1,0,43.6531643,-79.3900311,2480,"96 St Patrick St, Toronto, O",M5T
1,1,0,43.6527574,-79.3665108,2480,"460 Adelaide St E, Toronto, O",M4V
1,1,0,43.6531643,-79.3900311,2480,"96 St Patrick St, Toronto, O",M5T
1,2,1,43.6598236,-79.3627273,2475,"225 Sackville St, Toronto, O",M5A
1,1,0,43.6450775,-79.3643417,2450,"15 Merchants Wharf, Toronto, O",M5A
1,1,0,43.6450775,-79.3643417,2450,"15 Merchants Wharf, Toronto, O",M5A
1,1,0,43.660269,-79.3828002,2450,"424 Yonge Street, Toronto, O",M5B
1,1,1,43.6216017,-79.4828681,2450,", Toronto m8v0b2 O",M8V
1,1,0,43.6450775,-79.3643417,2450,"15 Merchants Wharf, Toronto, O",M5A
1,1,1,43.6216017,-79.4828681,2450,", Toronto m8v0b2 O",M8V
1,1,0,43.6527574,-79.3665108,2450,"460 Adelaide St E, Toronto, O",M5A
1,1,0,43.6565369,-79.3544975,2450,"32 Trolley Cres, M5A 0E8, Toronto, O",M5A
1,1,0,43.6520584,-79.3714575,2450,"112 George St, Toronto, O",M5A
1,1,0,43.6418726,-79.3819064,2450,"12 York St, Toronto, O",M5J
1,1,1,43.6538906,-79.3689511,2450,"320 Richmond street east, M5A1P9, Toronto, O",M5A
1,1,0,43.682588,-79.417815,2450,", Toronto m5r 3j2 O",M5R
1,2,1,43.6274471,-79.4783741,2450,"2121 Lake Shore Blvd W, Etobicoke, O",M8V
1,1,1,43.6464345,-79.3918689,2450,", Toronto M5V 1J9 O",M5V
1,1,0,43.6464345,-79.3918689,2450,", Toronto M5V 1J9 O",M5V
1,2,1,43.6274471,-79.4783741,2450,"2121 Lake Shore Blvd W, Etobicoke, O",M8V
1,1,1,43.6460983,-79.3760549,2450,"8 The Esplanade 3003 Suite 3003, Toronto, O",M5E
1,1,1,43.6525764,-79.3670659,2450,"424 Adelaide St E, Toronto, O",M5A
1,1,1,43.6485726,-79.3762754,2450,"88 Scott St, Toronto, O",M5E
1,1,1,43.6410868,-79.3814048,2450,"10 York St, Toronto, O",M5J
1,1,0,43.6385213,-79.3994638,2450,"70 Queens Wharf Rd, Toronto, O",M5V
1,1,1,43.6394055,-79.3932324,2424,"11 Brunel Ct, Toronto, O",M5V
1,1,1,43.6394055,-79.3932324,2424,"11 Brunel Ct, Toronto, O",M5V
1,1,1,43.6394055,-79.3932324,2424,"11 Brunel Ct, Toronto, O",M5V
1,1,0,43.6676701,-79.389445,2410,"57 Charles Street West, Toronto, O",M4Y
1,1,1,43.6400685,-79.3999604,2400,"70 Queens Wharf Rd 33rd Floor, Toronto, O",M5V
1,1,1,43.6418726,-79.3819064,2400,"12 York St, Toronto, O",M5J
1,1,1,43.6473801,-79.3872741,2400,"224 King St W, Toronto, O",M5H
1,1,1,43.6418726,-79.3819064,2400,"12 York St, Toronto, O",M5J
1,1,1,43.6400685,-79.3999604,2400,"70 Queens Wharf Rd, Toronto, O",M5V
1,1,1,43.6473801,-79.3872741,2400,"224 King St W, Toronto, O",M5H
1,1,1,43.6418726,-79.3819064,2400,"12 York St, Toronto, O",M5J
1,1,1,43.6400685,-79.3999604,2400,"70 Queens Wharf Rd, Toronto, O",M5V
1,1,1,43.6473801,-79.3872741,2400,"224 King St W, Toronto, O",M5H
1,1,1,43.6400685,-79.3999604,2400,"70 Queens Wharf Rd 33rd Floor, Toronto, O",M5V
1,1,1,43.6418726,-79.3819064,2400,"12 York St, Toronto, O",M5J
1,1,1,43.6400685,-79.3999604,2400,"70 Queens Wharf Rd, Toronto, O",M5V
1,1,1,43.6473801,-79.3872741,2400,"224 King St W, Toronto, O",M5H
1,1,1,43.6418891,-79.3837936,2400,"Lower Simcoe St, Toronto, O",M5J
1,1,0,43.648742,-79.3868108,2400,"Toronto, O",M5H
1,1,0,43.6660964,-79.3873217,2400,"44 St Joseph Street, Toronto, O",M4Y
1,1,0,43.6660964,-79.3873217,2400,"44 St Joseph Street, Toronto, O",M4Y
1,1,0,43.6693009,-79.3841709,2400,"42 Charles St E, Toronto, O",M4Y
1,1,1,43.6400685,-79.3999604,2400,"70 Queens Wharf Rd 33rd Floor, Toronto, O",M5V
1,1,1,43.6524331,-79.3888604,2400,"210 Simcoe St, Toronto, O",M5T
2,2,0,43.7206419,-79.3493968,2400,"1103 Leslie St, ",M3C
2,1,0,43.6415328,-79.4240715,2400,"150 Sudbury St, Toronto, O",M6J
1,1,0,43.6375235,-79.400877,2400,"20 Bruyeres Mews, Toronto, O",M5V
2,1,0,43.6661636,-79.4276187,2400,"902 Ossington Ave, Toronto, O",M6G
1,1,1,43.6469441,-79.3923973,2400,"87 Peter St, Toronto, O",M5V
1,1,0,43.6438459,-79.391824,2400,"20 Blue Jays Way, M5V 3W6, TORO",M5V
1,1,0,43.6438459,-79.391824,2400,"20 Blue Jays Way, M5V3W6, Toronto, O",M5V
1,1,0,43.6415283,-79.3833016,2400,"25 Lower Simcoe St, Toronto, O",M5J
1,1,0,43.6544346,-79.3905934,2400,"M5T3J9, Canada",M5T
1,1,0,43.6397558,-79.3772708,2400,"33 Harbour Square, Toronto, O",M5J
1,1.5,1,43.6375098,-79.3977774,2400,"38 Dan Leckie Way, Toronto, O",M5V
1,2,1,43.6274471,-79.4783741,2400,"2121 Lake Shore Blvd W, Etobicoke, O",M8V
2,1,0,43.6356022,-79.5412007,2400,"M9B 1B3, Canada",M9B
1,1,0,43.645641,-79.3929534,2400,"375 King St W, Toronto, O",M5V
1,1.5,1,43.6381439,-79.39751,2400,"38 Dan Leckie Way, Toronto, O",M5V
1,1,0,43.64894,-79.378086,2390,"One King Street West, 1 King St W, Toronto, O",M5H
2,2,0,43.6092614,-79.558998,2380,"235 Sherway Gardens Rd, Etobicoke, O",M9C
2,2,0,43.6092614,-79.558998,2380,"235 Sherway Gardens Rd, Etobicoke, O",M9C
2,2,0,43.6092614,-79.558998,2380,"235 Sherway Gardens Rd, Etobicoke, O",M9C
1,1,1,43.6408157,-79.3817523,2350,"M5J, Canada",M5J
2,2,0,43.64787,-79.391138,2350,"290 Adelaide St W, Toronto, O",M5V
2,2,0,43.64787,-79.391138,2350,"290 Adelaide St W, Toronto, O",M5V
2,2,0,43.64787,-79.391138,2350,"290 Adelaide St W, Toronto, O",M5V
1,1,0,43.659329,-79.3826747,2350,"386 Yonge St, Toronto, O",M5G
1,1,1,43.6525764,-79.3670659,2350,"424 Adelaide St E, Toronto, O",M5A
1,1,1,43.6525764,-79.3670659,2350,"424 Adelaide St E, Toronto, O",M5A
2,2,0,43.64787,-79.391138,2350,"290 Adelaide St W, Toronto, O",M5V
1,1,0,43.659329,-79.3826747,2350,"386 Yonge St, Toronto, O",M5G
1,1,1,43.6525764,-79.3670659,2350,"424 Adelaide St E, Toronto, O",M5A
1,1,1,43.6408637,-79.3957393,2350,"M5V3Z7, Canada",M5V
2,2,0,43.64787,-79.391138,2350,"290 Adelaide St W, Toronto, O",M5V
1,1,1,43.6415846,-79.3826205,2350,"19 Grand Trunk Crescent, Toronto, O",M5J
1,2,1,43.6274471,-79.4783741,2350,"2121 Lake Shore Blvd W, Etobicoke, O",M8V
1,1,1,43.6405271,-79.397104,2350,"15 Iceboat Terr, Toronto, O",M5V
1,1,0,43.6488576,-79.3781453,2350,"1 King St W, Toronto, O",M5H
2,2,0,43.7565895,-79.4054146,2350,", ",M2N
1,1,0,43.6489727,-79.3872946,2350,"126 Simcoe St, Toronto, O",M5V
1,1,1,43.6476273,-79.3904081,2350,"295 Adelaide St W, Toronto, O",M5V
1,1,1,43.6469441,-79.3923973,2350,"87 Peter St, Toronto, O",M5V
1,1,1,43.641579,-79.4159028,2350,"1030 King Street west, toronto M6K 0B4 O",M6K
1,2,1,43.653978,-79.3541341,2350,"120 Bayview Ave, Toronto, O",M5A
1,1,0,43.6790427,-79.3765346,2350,"65 May St, Toronto, O",M4W
1,1,1,43.6408637,-79.3957393,2350,"M5V3Z7, Canada",M5V
2,2,0,43.6240747,-79.4849171,2350,"88 Park Lawn Rd, Etobicoke, O",M8Y
1,1,1,43.6385213,-79.3994638,2300,"70 Queens Wharf Rd, Toronto, O",M5V
1,1,1,43.6385213,-79.3994638,2300,"70 Queens Wharf Rd, Toronto, O",M5V
1,1,1,43.6385213,-79.3994638,2300,"70 Queens Wharf Rd, Toronto, O",M5V
1,1,0,43.6434855,-79.3923045,2300,"352 Front St W, Toronto, O",M5V
1,1.5,1,43.6606054,-79.3786354,2300,"89 McGill St, Toronto, O",M5B
1,2,1,43.6523308,-79.3560136,2300,"455 Front St E, Toronto, O",M5A
1,1,0,43.6598307,-79.3805207,2300,", downtown toronto M5B2E8 O",M5B
1,1,0,43.66703,-79.3763862,2300,"120 Homewood Ave, Toronto, O",M4Y
1,1,0,43.6397444,-79.3837757,2300,"230 Queens Quay West, Toronto, O",M5J
1,1,1,43.6469126,-79.3902415,2300,", M5V 3X4, Toronto, O",M5V
2,1.5,0,43.6421316,-79.4013687,2300,"M5V3X1, Canada",M5V
1,1,1,43.6653563,-79.387999,2300,"57 St Joseph St, Toronto, O",M5S
1,1,0,43.6446286,-79.3929331,2300,"350 Wellington St W, Toronto, O",M5V
1,1,0,43.6394055,-79.3932324,2300,"11 Brunel Ct, Toronto, O",M5V
1,1,1,43.6468281,-79.4024241,2300,", Toronto m5v1y9 O",M5V
1,1,1,43.6418726,-79.3819064,2300,"12 York St, Toronto, O",M5J
1,1,1,43.6469441,-79.3923973,2300,"87 Peter St, Toronto, O",M5V
1,1,1,43.6413655,-79.3914457,2300,81,M5V
1,1,0,43.6417851,-79.3790058,2300,"88 Harbour St., M5J 0C3, Toronto, O",M5J
1,1,0,43.6521506,-79.3754775,2300,"120 Church St, Toronto, O",M5C
1,1,0,43.6428849,-79.3806168,2300,"55 Bremner Blvd, Toronto, O",M5J
1,1,1,43.6524993,-79.3669609,2300,"Adelaide St E, Toronto, O",M5A
1,1,1,43.6527574,-79.3665108,2300,"460 Adelaide St E, Toronto, O",M5A
2,1,0,43.6092724,-79.557008,2300,"205 Sherway Gardens Rd, Etobicoke, O",M9C
1,1,0,43.6527574,-79.3665108,2300,"460 Adelaide St E, Toronto, O",M5A
1,1,0,43.6418064,-79.3789807,2300,"100 Harbour St, Toronto, O",M5J
1,1,0,43.6575994,-79.38364,2300,"38 Elm St, Toronto, O",M5G
1,1,0,43.6428849,-79.3806168,2300,"55 Bremner Blvd, Toronto, O",M5J
1,1.5,1,43.6605397,-79.3786617,2300,"99 McGill St, Toronto, O",M5B
1,1,0,43.6489727,-79.3872946,2299,"126 Simcoe str, Toronto Downtown M5V 1T8 O",M5V
1,1,0,43.6489727,-79.3872946,2299,"126 Simcoe str, Toronto Downtown M5V 1T8 O",M5V
1,1,0,43.6489727,-79.3872946,2299,"126 Simcoe str, Toronto Downtown M5V 1T8 O",M5V
1,1,0,43.6489727,-79.3872946,2299,"126 Simcoe str, Toronto Downtown M5V 1T8 O",M5V
1,1,0,43.6489727,-79.3872946,2299,"126 Simcoe str, Toronto Downtown M5V 1T8 O",M5V
1,1,0,43.6489727,-79.3872946,2299,"126 Simcoe str, Toronto Downtown M5V 1T8 O",M5V
1,1,0,43.6489727,-79.3872946,2299,"126 Simcoe str, Toronto Downtown M5V 1T8 O",M5V
1,1,0,43.6489727,-79.3872946,2299,"126 Simcoe str, Toronto Downtown M5V 1T8 O",M5V
1,1,1,43.6426791,-79.3769938,2275,"33 Bay St, Toronto, O",M5J
1,1,1,43.6426791,-79.3769938,2275,"33 Bay St, Toronto, O",M5J
1,1,1,43.6426791,-79.3769938,2275,"33 Bay St, Toronto, O",M5J
1,1,1,43.661927,-79.3865112,2250,"832 Bay St, Toronto, O",M5S
1,1,0,43.6448637,-79.3990598,2250,"560 King St W, Toronto, O",M4V
1,1,0,43.660846,-79.3787556,2250,"365 Church St, Toronto, O",M5B
1,1,1,43.661927,-79.3865112,2250,"832 Bay St, Toronto, O",M5S
1,1,0,43.6448637,-79.3990598,2250,"560 King St W, Toronto, O",M4V
1,1,0,43.660846,-79.3787556,2250,"365 Church St, Toronto, O",M5B
1,1,0,43.6448637,-79.3990598,2250,"560 King St W, Toronto, O",M4V
1,1,0,43.660846,-79.3787556,2250,"365 Church St, Toronto, O",M5B
1,1,0,43.6398254,-79.4122306,2250,"26 Western Battery Rd, Toronto, O",M6K
1,1,1,43.6520027,-79.4492618,2250,"38 Howard Park Ave, Toronto, O",M6R
1,1,0,43.6460983,-79.3760549,2250,"8 The Esplanade, Toronto, O",M5E
1,1,0,43.6460983,-79.3760549,2250,"8 The Esplanade, Toronto, O",M5E
1,1,0,43.6487831,-79.3880423,2250,21,M5V
1,1,0,43.6431051,-79.375906,2250,"12 Yonge St, Toronto, O",M5E
1,1,0,43.6606054,-79.3786354,2250,"89 McGill St, Toronto, O",M5B
1,1,0,43.6546239,-79.3790756,2250,"210 Victoria St, Toronto, O",M5B
1,1,1,43.6469441,-79.3923973,2250,"87 Peter St, Toronto, O",M5V
1,1,1,43.6469441,-79.3923973,2250,"87 Peter St, Toronto, O",M5V
1,1,0,43.6546239,-79.3790756,2250,"210 Victoria St, Toronto, O",M5B
2,1,0,43.6893623,-79.3528481,2245,"33 Gamble Ave, East York, O",M4K
2,1,0,43.6371527,-79.4270923,2230,"200 Dufferin Street, Toronto, O",M6K
2,1,0,43.6371527,-79.4270923,2230,"200 Dufferin Street, Toronto, O",M6K
1,1,0,43.6410868,-79.3814048,2200,"10 York Street, Toronto, O",M5J
1,1,0,43.6410868,-79.3814048,2200,"10 York Street, Toronto, O",M5J
1,1,0,43.6522103,-79.3707988,2200,"105 George St, Toronto, O",M5A
1,1,0,43.6410868,-79.3814048,2200,"10 York Street, Toronto, O",M5J
1,1,0,43.6410868,-79.3814048,2200,"10 York Street, Toronto, O",M5J
1,1,0,43.6410868,-79.3814048,2200,"10 York Street, Toronto, O",M5J
1,1,0,43.6522103,-79.3707988,2200,"105 George St, Toronto, O",M5A
1,1,0,43.6410868,-79.3814048,2200,"10 York Street, Toronto, O",M5J
1,1,0,43.6387003,-79.4121833,2200,"51 E Liberty St, Toronto M6K 3P8 O",M6K
1,1,0,43.6522103,-79.3707988,2200,"105 George St, Toronto, O",M5A
1,1,0,43.6410868,-79.3814048,2200,"10 York Street, Toronto, O",M5J
1,1,0,43.6387003,-79.4121833,2200,"51 E Liberty St, Toronto M6K 3P8 O",M6K
1,1,0,43.6493806,-79.3745319,2200,"60 Colborne St, Toronto, O",M5E
1,1,0,43.6551919,-79.3539119,2200,"170 Bayview Ave, Toronto, O",M5A
1,1,0,43.6488411,-79.3779693,2200,", Toronto M5H1A1 O",M5H
1,1,1,43.6629771,-79.386217,2200,", M5S 3K4, Toronto, O",M5S
1,1,1,43.6402772,-79.4241261,2200,"20 Joe Shuster Way, Toronto, O",M6K
1,1,0,43.6410868,-79.3814048,2200,"10 York Street, Toronto, O",M5J
1,1,0,43.6647233,-79.3840836,2200,"555 Yonge St, Toronto, O",M4Y
1,1,0,43.6616824,-79.3833791,2200,"454 Yonge Street, M4Y 1W9, Toronto, O",M4Y
1,1,0,43.6655881,-79.383028,2200,"28 Wellesley St E, Toronto, O",M4Y
1,1,0,43.6527574,-79.3665108,2200,"460 Adelaide St E, Toronto, O",M5A
1,1,0,43.6431366,-79.3805285,2200,"Bremner Blvd, Toronto, O",M5J
1,1,1,43.6629771,-79.386217,2200,", M5S 3K4, Toronto, O",M5S
1,1,1,43.6402772,-79.4241261,2200,"20 Joe Shuster Way, Toronto, O",M6K
1,1,0,43.6454236,-79.3962213,2200,"480 King St W, Toronto, O",M5V
2,2,0,43.6394963,-79.5640901,2200,"Eva Rd, Etobicoke, O",M9C
1,1,0,43.6361646,-79.4033004,2200,"628 Fleet St, Toronto, O",M5V
1,1,1,43.6527574,-79.3665108,2200,"460 Adelaide St E, Toronto, O",M5A
1,1,0,43.6400247,-79.3812245,2200,"Toronto, O",M5J
1,1,0,43.6444602,-79.4024689,2200,"Six50 King - Bathurst Tower, 95 Bathurst St, Toronto, O",M5V
1,1,0,43.6495569,-79.3872283,2200,"144 Simcoe St, Toronto, O",M5H
1,1,0,43.6469441,-79.3923973,2200,"87 Peter St, Toronto, O",M5V
1,1,0,43.6444084,-79.3765617,2200,"18 Yonge St, Toronto, O",M5E
2,1,0,43.6525485,-79.3835118,2200,", Toronto M5H 2",M5H
1,1,0,43.6249946,-79.4790453,2200,"60 Annie Craig, M8V1A1, Toronto, O",M8V
1,1,0,43.6402232,-79.395951,2200,"10 Capreol Ct, Toronto, O",M5V
1,1,0,43.6387639,-79.4162418,2200,"150 East Liberty, M6K3R5, Toronto, O",M6K
1,1,0,43.64787,-79.391138,2200,"290 Adelaide street west, toronto M5V1P6 O",M5V
1,1,1,43.6409179,-79.3939821,2200,"25 Telegram Mews, Toronto, O",M5V
1,1,0,43.6397355,-79.3904175,2200,"5 Mariner Terrace, Toronto, O",M5V
1,1,0,43.6490235,-79.3884001,2200,30,M5V
1,1,0,43.6489727,-79.3872946,2200,"126 Simcoe St, Toronto, O",M5V
1,1,0,43.6505597,-79.3820722,2200,"70 Temperance St, Toronto, O",M5H
2,1,0,43.653636,-79.3808726,2200,", Toronto M5B 2L7 O",M5B
2,2,0,43.7800331,-79.2810545,2184,"m1s0l7, Canada",M1S
2,2,0,43.7800331,-79.2810545,2184,"m1s0l7, Canada",M1S
2,2,0,43.7800331,-79.2810545,2184,"m1s0l7, Canada",M1S
1,1,0,43.6408455,-79.4143193,2180,"1 SHAW ST, TORO",M6K
1,1,0,43.6408455,-79.4143193,2180,"1 SHAW ST, TORO",M6K
1,1,0,43.6408455,-79.4143193,2180,"1 SHAW ST, TORO",M6K
2,1,0,43.7486405,-79.4371391,2177,"4190 Bathurst Street, Toronto, O",M3H
1,1,0,43.6462197,-79.3981256,2175,"Brant St, Toronto, O",M5V
1,1,0,43.653226,-79.3831843,2175,", Toronto M5V0J3 O",M5V
1,1,1,43.6430505,-79.3916429,2150,"361 Front St W, Toronto, O",M5V
1,1,1,43.6430505,-79.3916429,2150,"361 Front St W, Toronto, O",M5V
1,1,1,43.6430505,-79.3916429,2150,"361 Front St W, Toronto, O",M5V
1,1,1,43.6430505,-79.3916429,2150,"361 Front St W, Toronto, O",M5V
1,1,1,43.6430505,-79.3916429,2150,"361 Front St W, Toronto, O",M5V
1,1,0,43.6469441,-79.3923973,2150,"87 Peter St, Toronto, O",M5V
1,1,0,43.6410868,-79.3814048,2150,"10 York St, Toronto, O",M5J
1,1,0,43.6393466,-79.3997415,2150,"170 Fort York Blvd, Toronto, O",M5V
1,1,1,43.6403804,-79.3973372,2150,"21 Iceboat Terr, Toronto, O",M5V
1,1,0,43.6489727,-79.3872946,2150,"126 Simcoe St, Toronto, O",M5V
1,1,0,43.6468075,-79.4027979,2150,"608 Richmond St W, Toronto, O",M5V
1,1,0,43.6699315,-79.3754627,2150,"561 Sherbourne St, Toronto, O",M4X
1,1,0,43.6399343,-79.4164454,2100,"125 Western Battey st, M6k 3s2, Toronto, O",M6K
1,1,0,43.6469441,-79.3923973,2100,"87 Peter St, Toronto, O",M5V
1,1,0,43.640402,-79.3971467,2100,", DOW",M5V
1,1,0,43.6399343,-79.4164454,2100,"125 Western Battey st, M6k 3s2, Toronto, O",M6K
1,1,0,43.6469441,-79.3923973,2100,"87 Peter St, Toronto, O",M5V
1,1,0,43.640402,-79.3971467,2100,", DOW",M5V
1,1,0,43.6469441,-79.3923973,2100,"87 Peter Street, Toronto, O",M5V
1,1,0,43.647632,-79.3929626,2100,"Peter St, Toronto, O",M5V
1,1,0,43.6399343,-79.4164454,2100,"125 Western Battey st, M6k 3s2, Toronto, O",M6K
1,1,0,43.640402,-79.3971467,2100,", DOW",M5V
1,1,0,43.6469441,-79.3923973,2100,"87 Peter Street, Toronto, O",M5V
1,1,0,43.640402,-79.3971467,2100,", DOW",M5V
1,1,0,43.647632,-79.3929626,2100,"Peter St, Toronto, O",M5V
1,1,0,43.6489001,-79.392205,2100,"318 Richmond St W, Toronto, O",M5V
1,1,0,43.6434855,-79.3923045,2100,"352 Front St W, M5V1B5, TORO",M5V
2,1,0,43.6644404,-79.3749819,2100,"Homewood Ave, Toronto, O",M4Y
1,1,0,43.6655881,-79.383028,2100,"28 Wellesley St E, Toronto, O",M4Y
1,1,0,43.6655881,-79.383028,2100,"28 Wellesley St E, Toronto, O",M4Y
1,1,0,43.6641794,-79.3755059,2100,"40 Homewood Ave, m4y 2k2, Toronto, O",M4Y
1,1,0,43.6418726,-79.3819064,2100,"12 York St, Toronto, O",M5J
1,1,0,43.6659283,-79.383465,2100,"17 Dundonald St, Toronto, O",M4Y
1,1,0,43.6383068,-79.4147858,2100,"75 E Liberty St, Toronto, O",M6K
1,1,0,43.6413595,-79.3725145,2100,"29 Queens Quay E, Toronto, O",M5E
1,1,0,43.665173,-79.3410685,2100,"1190 Dundas Street East, Toronto M4M0C5 O",M4M
1,1,1,43.6243053,-79.488423,2100,165 Legion Rd ,M8Y
1,1,1,43.6095324,-79.5570952,2100,"215 Sherway Gardens Rd, Etobicoke M9C 0A4 O",M9C
1,1,0,43.6351036,-79.4010133,2100,"99 Stadium Rd, Toronto, O",M5V
2,2,0,43.659329,-79.3826747,2100,"386 Yonge St, Toronto, O",M5G
1,1,1,43.6238212,-79.4787279,2100,"33 Shore Breeze Drive, Etobicoke, O",M8V
1,1,0,43.6410109,-79.4012807,2100,", Toronto M5V 2P1 O",M5V
1,1,0,43.6489727,-79.3872946,2100,"126 Simcoe St, Toronto, O",M5V
1,1,0,43.6658208,-79.3698808,2100,"5 Rose Ave, Toronto, O",M4X
1,1,0,43.6535202,-79.3737702,2100,"127 Queen St E, Toronto, O",M5C
1,1,0,43.6538857,-79.3880868,2100,"University Ave, Toronto, O",M5G
1,1,0,43.6418738,-79.4103246,2100,"25 Stafford St, Toronto, O",M5V
1,1,0,43.6384911,-79.3909892,2100,", Toronto m5v3a6 O",M5V
1,1,0,43.6539487,-79.3885701,2100,"426 University Ave, Toronto, O",M5G
2,1,0,43.6805461,-79.4175732,2100,"1384 Bathurst St, Toronto, O",M5R
1,1,1,43.658981,-79.362919,2099,"200 Sackville St, Toronto, O",M5A
1,1,1,43.658981,-79.362919,2099,"200 Sackville St, Toronto, O",M5A
1,1,0,43.6531643,-79.3900311,2099,"96 St Patrick Street, Toronto, O",M5T
1,1,0,43.6676141,-79.3864589,2099,75 St ,M4Y
1,1,0,43.6469441,-79.3923973,2090,"87 Peter St, Toronto, O",M5V
3,1.5,0,43.705123,-79.5300905,2050,"2304  Weston Road, Toronto, O",M9N
3,1.5,0,43.705123,-79.5300905,2050,"2304  Weston Road, Toronto, O",M9N
3,1.5,0,43.705123,-79.5300905,2050,"2304  Weston Road, Toronto, O",M9N
1,1,0,43.6419081,-79.3817798,2050,"14 York St, M5J 0B1, Toronto, O",M5J
1,1,0,43.6469441,-79.3923973,2050,"87 Peter st, M5v2g4, Downtown Toronto, O",M5V
1,1,0,43.6469441,-79.3923973,2050,"87 Peter St, Toronto, O",M5V
1,1,0,43.653978,-79.3541341,2050,"120 Bayview Ave, Toronto, O",M5A
1,1,0,43.6469441,-79.3923973,2050,"87 Peter St, Toronto, O",M5V
1,1,0,43.6691531,-79.3873723,2050,"21 Balmuto St, Toronto, O",M4Y
1,1,0,43.6505597,-79.3820722,2050,"70 Temperance St, Toronto, O",M5H
1,1,0,43.6527574,-79.3665108,2050,"460 Adelaide St E, Toronto, O",M5A
1,1,0,43.6419081,-79.3817798,2050,"14 York St, M5J2Z2, Toronto, O",M5J
1,1,0,43.6575473,-79.4014643,2050,"297 College Street, M5T 1S2, Toronto, O",M5T
1,1,0,43.6527574,-79.3665108,2050,"460 Adelaide St E, Toronto, O",M5A
1,1,0,43.6676701,-79.389445,2035,"57 Charles Street West, Toronto, O",M4Y
2,1,0,43.7716173,-79.4432608,2017,"4866 Bathurst Street, Toronto, O",M2R
2,1,0,43.6684679,-79.3748336,2000,"545 - 555  Sherbourne Street, Toronto, O",M4X
1,1,0,43.6419081,-79.3817798,2000,"14 York St, Toronto, O",M5J
1,1,0,43.653075,-79.370179,2000,"255 Richmond St E, Toronto, O",M5A
1,1,0,43.6606054,-79.3786354,2000,"89 McGill St, Toronto, O",M5B
1,1,0,43.6419081,-79.3817798,2000,"14 York St, Toronto, O",M5J
1,1,0,43.653075,-79.370179,2000,"255 Richmond St E, Toronto, O",M5A
1,1,0,43.6606054,-79.3786354,2000,"89 McGill St, Toronto, O",M5B
1,2,1,43.7749828,-79.3450961,2000,", ",M2J
2,2,0,43.6691457,-79.3759018,2000,"540 Sherbourne St, Toronto, O",M4X
1,1,0,43.6419081,-79.3817798,2000,"14 York St, Toronto, O",M5J
1,1,0,43.653075,-79.370179,2000,"255 Richmond St E, Toronto, O",M5A
1,1,0,43.6606054,-79.3786354,2000,"89 McGill St, Toronto, O",M5B
1,1,0,43.6718131,-79.3415391,2000,"Toronto, O",M4K
3,2,0,43.7634866,-79.3459836,2000,"20 Graydon Hall Drive, Toronto, O",M3A
1,1,0,43.661198,-79.3816644,2000,"25 c, t M5B 1L4 O",M5B
2,1,0,43.6784677,-79.4464682,2000,"49 Boon Ave, Toronto, O",M6E
1,1,0,43.6527574,-79.3665108,2000,"460 Adelaide St E, Toronto, O",M5A
1,1,0,43.6604566,-79.3784972,2000,", toronto M5B 1Z8 O",M5B
1,1,1,43.6568825,-79.3835616,2000,"633 Bay St, Toronto, O",M5G
1,1,0,43.6428951,-79.4281018,2000,"20 Minowan Miikan Lane, Toronto, O",M6J
1,1,0,43.651955,-79.3896477,2000,", Toronto M5T2X5 O",M5T
1,1,0,43.6655881,-79.383028,2000,"28 Wellesley Street East, M4Y 0C4, Toronto, O",M4Y
1,1,0,43.6695496,-79.3837757,2000,"50 Charles St E, Toronto, O",M4Y
1,1,0,43.6394055,-79.3932324,2000,"11 Brunel Ct, Toronto, O",M5V
1,1,0,43.6721931,-79.3878664,2000,"18 Yorkville Ave, Toronto, O",M4W
1,1,0,43.6655881,-79.383028,2000,"28 Wellesley Street East, M4Y 0C4, Toronto, O",M4Y
1,1,0,43.6695496,-79.3837757,2000,"50 Charles St E, Toronto, O",M4Y
1,1,0,43.6655881,-79.383028,2000,"28 Wellesley Street East, M4Y 0C4, Toronto, O",M4Y
2,2,0,43.6367119,-79.4206384,2000,"20 Atlantic Ave, Toronto, O",M6K
1,1,1,43.6423708,-79.4241905,2000,"68 Abell St, Toronto, O",M6J
1,1,1,43.6423708,-79.4241905,2000,"68 Abell St, Toronto, O",M6J
2,2,0,43.6437964,-79.4284926,2000,"11 Peel Ave, Toronto, O",M6J
1,1,0,43.6695496,-79.3837757,2000,"50 Charles St E, Toronto, O",M4Y
1,1,0,43.6647727,-79.3869867,2000,"955 Bay St, Toronto, O",M5S
1,1,0,43.6428951,-79.4281018,2000,"20 Minowan Miikan Lane, Toronto, O",M6J
1,1,0,43.6423708,-79.4241905,2000,"68 Abell St, Toronto, O",M6J
2,2,0,43.6423708,-79.4241905,2000,"68 Abell St, Toronto, O",M6J
1,1,0,43.6428951,-79.4281018,2000,"20 Minowan Miikan Lane, Toronto, O",M6J
2,2,0,43.6365382,-79.41931,2000,"1 Atlantic Ave, Toronto, O",M6K
1,1,0,43.653226,-79.3831843,2000,", Toronto M5V0P3 O",M5V
2,1,0,43.653226,-79.3831843,2000,", Toronto m5a0j3 O",M5A
1,1,0,43.659534,-79.3773535,2000,", Toronto M5B2M2 O",M5B
1,1,0,43.6494054,-79.3927116,2000,"353 Queen St W, Toronto, O",M5V
2,1,0,43.6923489,-79.3196212,2000,", Toronto M4C2M4 O",M4C
1,1,0,43.6527574,-79.3665108,2000,"460 Adelaide St E, Toronto, O",M5A
1,1,0,43.6455947,-79.386063,2000,"155 Wellington St W, Toronto, O",M5V
1,1,0,43.6384219,-79.3975956,2000,"Dan Leckie Way, Toronto, O",M5V
1,1,0,43.658974,-79.3840397,2000,", TORO",M5G
1,1,0,43.6547038,-79.3789125,1980,"Victoria St, Toronto, O",M5B
1,1,0,43.652812,-79.3733062,1975,"Richmond St E, Toronto, O",M5C
1,1,0,43.6710818,-79.3807435,1970,"235 Bloor Street East, Toronto, O",M4W
1,1,0,43.6606054,-79.3786354,1950,"89 McGill Street, Toronto, O",M5B
1,1,0,43.6606054,-79.3786354,1950,"89 McGill Street, Toronto, O",M5B
1,1,0,43.6606054,-79.3786354,1950,"89 McGill Street, Toronto, O",M5B
1,1,0,43.6606054,-79.3786354,1950,"89 McGill Street, Toronto, O",M5B
1,1,0,43.6606054,-79.3786354,1950,"89 McGill Street, Toronto, O",M5B
1,1,0,43.6606054,-79.3786354,1950,"89 McGill Street, Toronto, O",M5B
1,1,0,43.6606054,-79.3786354,1950,"89 McGill Street, Toronto, O",M5B
1,1,0,43.6606054,-79.3786354,1950,"89 McGill Street, Toronto, O",M5B
1,1,0,43.6606054,-79.3786354,1950,"89 McGill Street, Toronto, O",M5B
1,1,0,43.6867088,-79.3992577,1950,"111 St Clair Ave W, Toronto, O",M4V
1,1,0,43.6606054,-79.3786354,1950,"89 McGill Street, Toronto, O",M5B
1,1,0,43.6232891,-79.4836951,1950,"10 Park Lawn Rd., M8Y 3K4, Etobicoke, O",M8Y
1,1,1,43.7505012,-79.4639723,1950,"1060 Sheppard Ave W, Toronto, O",M3J
1,1,0,43.670878,-79.3766958,1950,"28 Linden Street, Toronto, O",M4Y
1,1,0,43.670878,-79.3766958,1950,"28 Linden Street, Toronto, O",M4Y
1,1,0,43.6407261,-79.3955671,1950,"25 Capreol Ct, Toronto, O",M5V
1,1,0,43.6471746,-79.5202966,1950,"Tom Riley Park, 3216 Bloor St W, Etobicoke, O",M8X
1,1,0,43.6505597,-79.3820722,1950,"70 Temperance St, Toronto, O",M5H
1,1,0,43.6420888,-79.3816864,1950,", Toronto M5j 0B1 O",M5J
1,1,0,43.6543938,-79.3759018,1930,"167 Church Street, Toronto, O",M5B
1,1,0,43.6382884,-79.4360532,1929,"169 Jameson Avenue, Toronto, O",M6K
1,1,0,43.7750925,-79.3490639,1927,"1650 Sheppard Avenue East, Toronto, O",M2J
1,1,0,43.6409179,-79.3939821,1900,"25 Telegram Mews, Toronto, O",M5V
1,1,0,43.6413078,-79.4000933,1900,"560 Front St W, toronto, O",M5V
1,1,0,43.6505597,-79.3820722,1900,"70 Temperance St, Toronto, O",M5H
1,1,0,43.6505597,-79.3820722,1900,"70 Temperance St, Toronto, O",M5H
1,1,0,43.6485726,-79.3762754,1900,"88 Scott St, Toronto, O",M5E
1,1,0,43.6505597,-79.3820722,1900,"70 Temperance St, Toronto, O",M5H
1,1,0,43.6505597,-79.3820722,1900,"70 Temperance St, Toronto, O",M5H
1,1,0,43.6485726,-79.3762754,1900,"88 Scott St, Toronto, O",M5E
1,1,0,43.653978,-79.3541341,1900,"120 Bayview Ave., M5A 0G4, Toronto, O",M5A
1,1,0,43.6367593,-79.3978503,1900,"600 Queens Quay W, Toronto, O",M5V
1,1,0,43.6505597,-79.3820722,1900,"70 Temperance St, Toronto, O",M5H
1,1,0,43.6505597,-79.3820722,1900,"70 Temperance St, Toronto, O",M5H
2,1,0,43.645641,-79.3929534,1900,"375 King St W, Toronto, O",M5V
1,1,0,43.6485726,-79.3762754,1900,"88 Scott St, Toronto, O",M5E
1,1,0,43.653978,-79.3541341,1900,"120 Bayview Ave., M5A 0G4, Toronto, O",M5A
1,1,0,43.6367593,-79.3978503,1900,"600 Queens Quay W, Toronto, O",M5V
1,1,0,43.6505597,-79.3820722,1900,"70 Temperance St, Toronto, O",M5H
1,1,0,43.6703202,-79.3944332,1900,"155 Yorkville Ave, Toronto, O",M5R
1,1,0,43.6426791,-79.3769938,1900,"33 Bay St, Toronto, O",M5J
2,1,0,43.645641,-79.3929534,1900,"375 King St W, Toronto, O",M5V
1,1,0,43.6391261,-79.4192221,1900,", Toronto M6K 1X1 O",M6K
1,1,0,43.672735,-79.4023802,1900,"250 St. George St, Toronto, O",M5R
1,1,0,43.6539487,-79.3885701,1900,"426 University ave, M5G1S9, TORO",M5G
1,1,0,43.645396,-79.3942439,1900,"Downtown, Toronto M5V1K1 O",M5V
1,1,0,43.6460058,-79.3899085,1900,"8 Mercer St, Toronto, O",M5V
1,1,0,43.6374082,-79.4066461,1900,"250 Fort York Blvd, Toronto, O",M5V
1,1,0,43.6683764,-79.3806431,1900,"89  Isabella Street, Toronto, O",M4Y
1,1,0,43.6439387,-79.4014775,1900,"629 King St W, Toronto, O",M5V
1,1,0,43.6494165,-79.3745473,1900,", Toronto M5E 0B7 O",M5E
1,1,0,43.6409127,-79.3939235,1900,4k Spadina - ,M5V
1,1,0,43.6385923,-79.4009948,1900,", Downtoen Toronto M5V0c8 O",M5V
1,1,0,43.6409222,-79.393983,1900,"4 K Spadina Ave, Toronto, O",M5V
1,1,0,43.6567414,-79.3699948,1899,"191 - 201 Sherbourne, Toronto, O",M5A
1,1,1,43.7672565,-79.2227339,1860,"m1g2a8, Canada",M1G
1,1,0,43.6658263,-79.3839939,1860,"15 Dundonald St, Toronto, O",M4Y
1,1,0,43.6596793,-79.4292906,1857,"730 Dovercourt Road, Toronto, O",M6H
1,1,0,43.6599474,-79.4308197,1857,"357 Rusholme Road, Toronto, O",M6H
2,1,0,43.6911466,-79.4714355,1850,"2548 Eglinton Ave W, M6M 1T1, Toronto, O",M6M
1,1,0,43.64787,-79.391138,1850,"290 Adelaide Street West, Toronto, O",M5V
2,1,0,43.6911466,-79.4714355,1850,"2548 Eglinton Ave W, M6M 1T1, Toronto, O",M6M
1,1,0,43.64787,-79.391138,1850,"290 Adelaide Street West, Toronto, O",M5V
1,1,0,43.6469441,-79.3923973,1850,"87 PETER ST, M5V0P1, TORO",M5V
1,1,0,43.6606054,-79.3786354,1850,"89 McGill St, Toronto, O",M5B
2,1,0,43.6911466,-79.4714355,1850,"2548 Eglinton Ave W, M6M 1T1, Toronto, O",M6M
1,1,0,43.64787,-79.391138,1850,"290 Adelaide Street West, Toronto, O",M5V
1,1,0,43.6469441,-79.3923973,1850,"87 PETER ST, M5V0P1, TORO",M5V
1,1,0,43.6606054,-79.3786354,1850,"89 McGill St, Toronto, O",M5B
2,1,0,43.6911466,-79.4714355,1850,"2548 Eglinton Ave W, M6M 1T1, Toronto, O",M6M
1,1,0,43.6485726,-79.3762754,1850,"88 Scott St, M5E 0A9, Toronto, O",M5E
1,1,0,43.660846,-79.3787556,1850,"365 Church St Unit 2005, Toronto, O",M5B
1,1,1,43.7306927,-79.3273194,1850,"7 Concorde Pl, M3C 3n4, Toronto, O",M3C
1,1,0,43.6687589,-79.3812685,1850,"88 Isabella Street, Toronto, O",M4Y
1,1,0,43.6695928,-79.3805797,1850,"101 charles St E, TORO",M4Y
1,1,0,43.6655881,-79.383028,1850,"28 Wellesley St E, Toronto, O",M4Y
1,2,0,43.6577965,-79.3989649,1850,"253 College St #253, Toronto, O",M5T
1,1,0,43.6398173,-79.4373797,1849,"200 Jameson Avenue, Toronto, O",M6K
1,1,0,43.6418064,-79.3789807,1830,"100 Harbour St, Toronto, O",M5J
1,1,0,43.6418064,-79.3789807,1830,"100 Harbour St, Toronto, O",M5J
1,1,0,43.6418064,-79.3789807,1830,"100 Harbour St, Toronto, O",M5J
1,1,1,43.6406456,-79.380939,1830,"8 York St 1701 Toronto   Ontario, M5J2Y2, toronto, O",M5J
1,1,1,56.130366,-106.346771,1830,"M4Y0C4, Canada",M4Y
1,1,0,43.6893623,-79.3528481,1825,"33 Gamble Ave, East York, O",M4K
1,1,0,43.7486405,-79.4371391,1817,"4190 Bathurst Street, Toronto, O",M3H
1,1,0,43.6645808,-79.3822956,1815,"36 Maitland Street, Toronto, O",M4Y
1,1,0,43.6645808,-79.3822956,1815,"36 Maitland Street, Toronto, O",M4Y
1,1,0,43.6524873,-79.3896218,1800,"80 St Patrick St, Toronto, O",M5T
1,1,0,43.6524873,-79.3896218,1800,"80 St Patrick St, Toronto, O",M5T
1,1,0,43.6524873,-79.3896218,1800,"80 St Patrick St, Toronto, O",M5T
1,1,0,43.6524873,-79.3896218,1800,"80 St Patrick St, Toronto, O",M5T
1,1,0,43.6524873,-79.3896218,1800,"80 St Patrick St, Toronto, O",M5T
1,1,0,43.6524873,-79.3896218,1800,"80 St Patrick St, Toronto, O",M5T
1,1,0,43.6524873,-79.3896218,1800,"80 St Patrick St, Toronto, O",M5T
1,1,0,43.6576911,-79.3801612,1800,"365 Victoria St, Toronto, O",M5B
1,1,0,43.6459543,-79.4039853,1800,"154 Bathurst, Toronto M5V 2R3 O",M5V
1,1,0,43.6739622,-79.4016325,1800,"Toronto, M5R 2L6, Toronto, O",M5R
1,1,0,43.6364097,-79.4020034,1800,"21 Grand Magazine St, Toronto, O",M5V
2,2,0,43.7181688,-79.5619244,1800,", toronto m9w 1z8 O",M9W
1,1,0,43.6418064,-79.3789807,1800,"100 Harbour St, Toronto, O",M5J
1,1,0,43.660846,-79.3787556,1800,"365 Church Street, M5B 1Z9, Toronto, O",M5B
1,1,1,43.6358692,-79.5401518,1800,"5365 Dundas St W, Etobicoke, O",M9B
1,1,0,43.6833856,-79.3094088,1800,"Upper Beaches, Toronto, O",M4C
1,1,0,43.6567414,-79.3699948,1799,"191 - 201 Sherbourne, Toronto, O",M5A
2,1,0,43.705123,-79.5300905,1799,"2304  Weston Road, Toronto, O",M9N
2,1,0,43.705123,-79.5300905,1799,"2304  Weston Road, Toronto, O",M9N
2,1,0,43.705123,-79.5300905,1799,"2304  Weston Road, Toronto, O",M9N
1,1,1,43.6690744,-79.3911301,1799,"20 THOMAS RILEY, M9B 0C3, Toronto, O",M9B
1,1,0,43.6665599,-79.3791219,1795,"100 Wellesley St E, Toronto, O",M4Y
1,1,0,43.6640557,-79.3737903,1785,"392 Sherbourne Street, Toronto, O",M4X
1,1,0,43.6640557,-79.3737903,1785,"392 Sherbourne Street, Toronto, O",M4X
2,1,0,43.6343542,-79.4352696,1779,"90 Jameson Avenue, Toronto, O",M6K
1,1,0,43.6700064,-79.3976944,1760,"25 Bedford Rd., Toronto, O",M5R
1,1,0,43.6596793,-79.4292906,1757,"730 Dovercourt Road, Toronto, O",M6H
1,1,0,43.6589956,-79.4296933,1757,"323 Rusholme Road, Toronto, O",M6H
1,1,0,43.6371527,-79.4270923,1755,"200 Dufferin Street, Toronto, O",M6K
1,1,0,43.6371527,-79.4270923,1755,"200 Dufferin Street, Toronto, O",M6K
1,1,0,43.6684679,-79.3748336,1750,"545 - 555  Sherbourne Street, Toronto, O",M4X
1,1,0,43.8506191,-79.3193975,1750,"Enterprise Blvd, Markham, O",M6N
1,1,1,43.6406042,-79.3971881,1750,"Iceboat Terr, Toronto, O",M5V
1,1,0,43.6547577,-79.4008271,1750,"80 Kensington Ave, Toronto, O",M5T
1,1,0,43.6547577,-79.4008271,1750,"80 Kensington Ave, Toronto, O",M5T
1,1,0,43.5921361,-79.5326816,1750,", Toronto M8W 3J1 O",M8W
1,1,0,43.7147936,-79.4283233,1750,"2895 Bathurst Street, Toronto, O",M6B
1,1,0,43.6575221,-79.3899928,1750,"600 University Ave, Toronto, O",M5G
1,1,0,43.6683764,-79.3806431,1750,"89  Isabella Street, Toronto, O",M4Y
1,1,0,43.6678174,-79.3831111,1750,"55 Isabella St, Toronto, O",M4Y
2,2,0,43.653226,-79.3831843,1750,", toronto m1m4j3 O",M1M
1,1,0,43.6348903,-79.4346541,1729,"87 Jameson Avenue, Toronto, O",M6K
1,1,0,43.6349738,-79.4351859,1729,"91,140,146 Jameson Avenue, Toronto, O",M6K
1,1,0,43.6635722,-79.3819958,1725,"40 Alexander St, Toronto, O",M4Y
1,1,0,43.7716173,-79.4432608,1717,"4866 Bathurst Street, Toronto, O",M2R
1,1,0,43.6589956,-79.4296933,1717,"323 Rusholme Road, Toronto, O",M6H
1,1,0,43.6701586,-79.3756379,1700,"565 Sherbourne Street, Toronto, O",M4X
1,1,0,43.6684679,-79.3748336,1700,"545 - 555  Sherbourne Street, Toronto, O",M4X
1,1,0,43.6701586,-79.3756379,1700,"565 Sherbourne Street, Toronto, O",M4X
1,1,0,43.6684679,-79.3748336,1700,"545 - 555  Sherbourne Street, Toronto, O",M4X
1,1,0,43.6701586,-79.3756379,1700,"565 Sherbourne Street, Toronto, O",M4X
1,1,0,43.6684679,-79.3748336,1700,"545 - 555  Sherbourne Street, Toronto, O",M4X
1,1,0,43.6616564,-79.4099423,1700,"664 Bathurst St, Toronto, O",M5S
1,1,0,43.6515926,-79.3875585,1700,"Toronto, O",M5G
1,1,0,43.6598307,-79.3805207,1700,", M5B 2E8, Toronto, O",M5B
2,1,0,43.6430555,-79.3961791,1700,"M5V1E7, Canada",M5V
3,2,0,43.7038237,-79.2717186,1700,", M1L0B3, Toronto, O",M1L
1,1,0,43.6396381,-79.4131037,1700,"38 Western Battery Rd, Toronto, O",M6K
1,1,0,43.7697905,-79.4160562,1700,", ",M2N
1,1,0,43.6641794,-79.3755059,1700,"40 Homewood Ave, Toronto, O",M4Y
1,1,0,43.6544596,-79.3758138,1700,", Toronto M5B1Y6 O",M5B
1,1,0,43.670811,-79.3852395,1699,"88 Bloor Street East, Toronto, O",M4W
1,1,1,43.6739944,-79.441685,1650,"1512 Dufferin Street, M6H3L4, Toronto, O",M6H
1,1,1,43.6739944,-79.441685,1650,"1512 Dufferin Street, M6H3L4, Toronto, O",M6H
1,1,0,43.6691457,-79.3759018,1650,"540 Sherbourne St, Toronto, O",M4X
1,1,1,43.6739944,-79.441685,1650,"1512 Dufferin Street, M6H3L4, Toronto, O",M6H
1,1,0,43.6710818,-79.3807435,1650,"235 Bloor Street East, Toronto, O",M4W
1,1,0,43.6591925,-79.4308293,1650,", Toronto M6h 2z5 O",M6H
1,1,1,43.6573918,-79.3703149,1650,", Toronto M5A3X2 O",M5A
1,1,0,43.6547069,-79.379245,1650,"Dundas &amp; Shuter, M5B2R3, Toronto, O",M5B
1,1,0,43.6888971,-79.4119836,1617,"320 Lonsdale Road, Toronto, O",M4V
1,1,0,43.6888971,-79.4119836,1617,"320 Lonsdale Road, Toronto, O",M4V
1,1,1,43.7799939,-79.3446008,1600,"150 Fairview Mall Dr, ",M2J
1,1,0,43.6425462,-79.3772655,1600,", Toronto M5J2Z3 O",M5J
2,1,0,43.6594213,-79.3610251,1600,"55 Regent Park Blvd, Toronto, O",M5A
1,1,0,43.6447693,-79.3970587,1600,", Toronto M5V1K4 O",M5V
1,1,0,43.6806017,-79.2893327,1600,", toronto M4E1S5 O",M4E
1,1,0,43.6475126,-79.3927022,1600,"101 Peter St, Toronto, O",M5V
1,1,0,43.6525889,-79.3677193,1600,", Toronto  M5A4S3 O",M5A
1,1,0,43.640526,-79.3949037,1600,", Toronto M5v3z5 O",M5V
1,1,0,43.6592176,-79.3557961,1600,"328 Bayview Ave, Toronto, O",M5A
1,1,0,43.6672287,-79.4375116,1600,", Toronto M6H 3J6 O",M6H
1,1,0,43.6487423,-79.3784972,1600,", Toronto M5H 4C7 O",M5H
1,1,0,43.7959865,-79.4158363,1600,", ",M2M
1,1,0,43.6687998,-79.3759678,1600,"40 Earl St, Toronto, O",M4Y
1,1,0,43.661091,-79.3825001,1600,", toronto m5b 2m3 O",M5B
1,1,0,43.6599624,-79.3850953,1600,", Toronto M5G 2R3 O",M5G
1,1,0,43.6596793,-79.4292906,1597,"730 Dovercourt Road, Toronto, O",M6H
1,1,0,43.6589956,-79.4296933,1597,"323 Rusholme Road, Toronto, O",M6H
1,1,0,43.6359631,-79.4357489,1595,"120 Jameson Ave, Toronto, O",M6K
1,1,0,43.6673847,-79.3826756,1568,", Between YongeBloor, ChurchWellesley M4Y 2L2 O",M4Y
1,1,0,43.6691457,-79.3759018,1550,"540 Sherbourne St, Toronto, O",M4X
1,1.5,0,43.6471397,-79.5265814,1550,"50 Cordova Avenue, Etobicoke, O",M9A
1,1,0,43.6565308,-79.3860049,1550,"150 Elizabeth St, Toronto, O",M5G
1,1,0,43.6640557,-79.3737903,1535,"392 Sherbourne Street, Toronto, O",M4X
1,1,0,43.6640557,-79.3737903,1535,"392 Sherbourne Street, Toronto, O",M4X
1,1,0,43.705123,-79.5300905,1525,"2304  Weston Road, Toronto, O",M9N
1,1,0,43.705123,-79.5300905,1525,"2304  Weston Road, Toronto, O",M9N
1,1,0,43.705123,-79.5300905,1525,"2304  Weston Road, Toronto, O",M9N
1,1,0,43.7046478,-79.5275537,1520,"2255 Weston Road, Toronto, O",M9N
1,1,0,43.7046478,-79.5275537,1520,"2255 Weston Road, Toronto, O",M9N
1,1,0,43.6694569,-79.432457,1509,"1089 Dovercourt Rd, Toronto, O",M6H
2,1,0,43.6408157,-79.3817523,1500,", Toronto M5J 0B8 O",M5J
2,1,0,43.6408157,-79.3817523,1500,", Toronto M5J 0B8 O",M5J
2,1,0,43.6408157,-79.3817523,1500,", Toronto M5J 0B8 O",M5J
1,1,0,43.6667107,-79.4043508,1500,", M6G1S2, Downtown Toronto (Christie/Bloor), O",M6G
1,2,0,43.65006,-79.3578814,1500,"70 Distillery Lane, Toronto, O",M5A
1,1,0,43.6455289,-79.3837757,1500,", Toronto M5J 2L7 O",M5J
1,1,0,43.6525889,-79.3677193,1500,", Toronto  M5A4S3 O",M5A
1,1,0,43.6573918,-79.3703149,1500,", Toronto  M5a3x2  O",M5A
2,2,0,43.6459244,-79.3753299,1500,", Toronto M5E 1W5 O",M5E
1,1,0,43.6691213,-79.3847434,1500,"M4Y1T1, Canada",M4Y
2,1,0,43.6757718,-79.4114831,1500,"M5R3A3, Canada",M5R
1,1,0,43.6692283,-79.3799488,1480,"550 Jarvis Street Jarvis, Toronto, O",M4Y
1,1,0,43.6371527,-79.4270923,1475,"200 Dufferin Street, Toronto, O",M6K
1,1,0,43.6371527,-79.4270923,1475,"200 Dufferin Street, Toronto, O",M6K
1,1,0,43.6247335,-79.4995337,1450,"37 Penhurst Ave, Etobicoke, O",M8Y
1,1,0,43.6701586,-79.3756379,1450,"565 Sherbourne St, Toronto, O",M4X
1,1,0,43.6398173,-79.4373797,1449,"200 Jameson Avenue, Toronto, O",M6K
1,1,0,43.6349738,-79.4351859,1429,"91,140,146 Jameson Avenue, Toronto, O",M6K
1,1,0,43.6684679,-79.3748336,1400,"545 - 555  Sherbourne Street, Toronto, O",M4X
1,1,0,43.6684679,-79.3748336,1400,"545 - 555  Sherbourne Street, Toronto, O",M4X
1,1,0,43.6684679,-79.3748336,1400,"545 - 555  Sherbourne Street, Toronto, O",M4X
1,1,0,43.6471397,-79.5265814,1400,"50 Cordova Avenue, Etobicoke, O",M9A
1,1,0,43.6535096,-79.3946201,1400,"Dundas St W #401, Toronto, O",M6R
1,1,0,43.6503241,-79.3779693,1400,", Downtown Toronto M5C 2V9 O",M5C
1,1,0,43.6583179,-79.3682357,1380,"269 Ontario St, Toronto M5A 2V6 O",M5A
1,1,0,43.6583179,-79.3682357,1380,"269 Ontario St, Toronto, O",M5A
1,1,0,43.6418699,-79.3898457,1350,", toronto M5V 1J1 O",M5V
1,1,0,43.6621286,-79.3769576,1305,"111 Carlton St, Toronto, O",M5B
2,1,0,43.6488578,-79.4330072,1300,"101 Sheridan Ave, Toronto, O",M6K
1,1,0,43.6520426,-79.4022416,1300,"# Dundas st w, Denison ave and Dundas st w M5T 2",M5T
1,1,0,43.6522978,-79.4069977,1300,"M6J1T8, Canada",M6J
2,1,0,43.6488578,-79.4330072,1300,"101 Sheridan Ave, Toronto, O",M6K
1,1,0,43.6520426,-79.4022416,1300,"# Dundas st w, Denison ave and Dundas st w M5T 2",M5T
1,1,0,43.6522978,-79.4069977,1300,"M6J1T8, Canada",M6J
2,1,0,43.6488578,-79.4330072,1300,"101 Sheridan Ave, Toronto, O",M6K
1,1,0,43.6520426,-79.4022416,1300,"# Dundas st w, Denison ave and Dundas st w M5T 2",M5T
1,1,0,43.6522978,-79.4069977,1300,"M6J1T8, Canada",M6J
1,1,0,43.6790089,-79.3438994,1300,"685 Danforth Ave, Toronto, O",M4J
1,1,0,43.6484292,-79.3822802,1300,", Toronto M5X 1K2 O",M5X
1,1,0,43.6451493,-79.3908133,1300,", Toronto M5V3P6 O",M5V
2,1.5,0,43.7485568,-79.506065,1300,", ",M3N
3,3,0,43.7073197,-79.4002252,1300,", M4R1V2, Toronto, O",M4R
1,1,0,43.6777793,-79.2861931,1300,"146 Scarborough Rd, Toronto, O",M4E
1,1,0,43.6371775,-79.4269604,1300,", Toronto M6k1z4 O",M6K
1,1,0,43.682692,-79.4888656,1295,"51 Guestville Ave, York, O",M6N
1,1,0,43.682692,-79.4888656,1295,"51 Guestville Ave, York, O",M6N
1,1,0,43.682692,-79.4888656,1295,"51 Guestville Ave, York, O",M6M
1,1,0,43.6801285,-79.3401308,1275,", Toronto M4j1l7 O",M4J
1,1,0,43.7598859,-79.4431384,1250,", Toronto M3H4Z2 O",M3H
1,1,0,43.6550692,-79.3874705,1200,", M5G2E8, Toronto, O",M5G
1,1,0,43.6550692,-79.3874705,1200,", M5G2E8, Toronto, O",M5G
1,1.5,0,43.6070571,-79.4949066,1200,"k , Toronto m8v 2t8 O",M8V
1,1,0,43.6550692,-79.3874705,1200,", M5G2E8, Toronto, O",M5G
1,1.5,0,43.6070571,-79.4949066,1200,"k , Toronto m8v 2t8 O",M8V
1,1,0,43.6665804,-79.4009394,1200,"409 Huron St, Toronto, O",M5S
2,1,0,43.6578373,-79.3806087,1200,", Toronto M5B 2K3 O",M5B
1,1,1,43.692657,-79.2648481,1200,M1,M1N
1,1,0,43.6569138,-79.3945078,1200,", Toronto Downtown M5T 1M9 O",M5T
1,1,0,43.7093349,-79.3416638,1200,"70 Princeton Ave, M4B2R6, EAST YORK, O",M4B
2,1.5,0,43.6476349,-79.3924836,1200,", M5V 1R4, Toronto, O",M5V
1,1,0,43.780021,-79.2948144,1200,"7 Dempster St, Scarborough, O",M1T
1,1,0,43.6701358,-79.3787108,1200,"44 Huntley St, Toronto, O",M4Y
1,1,0,43.6465801,-79.3998612,1199,"Maud St, Toronto, O",M5V
2,1,0,43.6416068,-79.3822802,1180,", M5J 3A3, Toronto, O",M5J
1,1,0,43.6669887,-79.3146912,1100,"M4L1G3, Canada",M4L
1,1,0,43.6669887,-79.3146912,1100,"M4L1G3, Canada",M4L
1,1,0,43.6669887,-79.3146912,1100,"M4L1G3, Canada",M4L
1,1,0,43.6611083,-79.4987507,1100,"6 Bralorne Crescent, M6S4R2, toronto, O",M6S
1,1,0,43.6755072,-79.4150009,1100,"Toronto, O",M5R
1,1,0,43.6554292,-79.4040073,1050,", Toronto M5T 2",M5T
1,1,0,43.6554292,-79.4040073,1050,", Toronto M5T 2",M5T
1,1,0,43.6598307,-79.3805207,1000,", M5b2e8, Toronto, O",M5B
1,1,0,43.5971347,-79.5232832,1000,", Toronto M8V 1M4 O",M8V
1,1,0,43.6774284,-79.4579072,1000,", Toronto M6",M6N
1,1,0,43.6626956,-79.4000493,1000,"M5S, Canada",M5S
1,1,0,43.6521692,-79.3723385,1000,", Toronto M5c2h4 O",M5C
1,1,0,43.6465162,-79.3800596,1000,"200 Bay St, Toronto, O",M5J
1,1,0,43.7004274,-79.2961132,1000,", Toronto M4B 1B3 O",M4B
1,1,1,43.6547882,-79.3597037,1000,"King St E, Toronto, O",M5A
1,1,0,43.6655297,-79.3954754,1000,", Toronto M5S1H8  O",M5S
1,1,0,43.670726,-79.3107743,950,"140 Kingston Rd #301, Toronto, O",M4L
1,1,0,43.662091,-79.4332913,935,"Toronto, O",M6H
1,1,0,43.662091,-79.4332913,935,"Toronto, O",M6H
1,1,0,43.6486599,-79.3815764,900,"Downtown, Toronto, O",M5X
1,1,0,43.7087795,-79.4447062,850,"845 Glencairn Ave, ",M6B
1,1,0,43.6413078,-79.4000933,850,"560 Front St W, Toronto, O",M5V
1,1,0,43.6415965,-79.4234431,850,"36 Lisgar St, Toronto, O",M6J
1,1,0,43.6952964,-79.300604,800,", Toronto M4C 5",M4C
1,1,0,43.6578373,-79.3806087,800,", Toronto M5B 2K3 O",M5B
1,1,0,43.6608355,-79.3858556,750,"Bay st and college st, Toronto M5G 2C8 O",M5G
1,1,0,43.70519,-79.3238468,700,", toronto m4b2z5 O",M4B
1,1,0,43.6542281,-79.3670154,700,", M5A 2V3, Toronto, O",M5A
1,1,0,43.6547234,-79.3814004,700,", Toronto M5G 1B1 O",M5G
1,1,0,43.6659564,-79.4047989,650,", Toronto m5s1x6 O",M5S
2,1,0,43.6582784,-79.4084366,600,"Bathurst St, Toronto, O",M5S
1,1,0,43.6541547,-79.3852113,550,"89 Chestnut St, Toronto, O",M5G
1,1,0,43.6541547,-79.3852113,550,"89 Chestnut St, Toronto, O",M5G
1,1,0,43.6541547,-79.3852113,550,"89 Chestnut St, Toronto, O",M5G
1,1,0,43.723587,-79.3248786,300,"195 Wynford Dr, ",M3C
1,1,0,43.6865112,-79.3995216,150,", Toronro M4V 1",M4V
1,2,1,43.6274471,-79.4783741,99,"2121 Lake Shore Blvd W, Etobicoke, O",M8V
1,1,0,43.6652335,-79.3842932,99,"8 Wellesley St E, Toronto, O",M4Y
